account_id,first_name,last_name,dob,address,city,postcode,debt_amount
CRM-10001,Ruth,Griffiths,1996-01-08,"Flat 32
Sian Streets",New Maryton,E3 8ZA,3215.16
CRM-10002,Chelsea,Ryan,1989-10-12,"Flat 79
Barker Avenue",Lake Mary,FY2 5ED,173.8
CRM-10003,Jessica,Glover,2003-03-25,"Studio 40
Wilkinson Lane",New Billystad,L1A 4DJ,1411.4
CRM-10004,Oliver,Palmer,1976-05-30,"Flat 55
Vanessa Grove",New Heatherburgh,L2H 4XJ,1154.89
CRM-10005,Lydia,Duncan,1997-11-03,0 Alexander Circles,New Guy,W67 4FJ,3695.53
CRM-10006,Chelsea,Powell,1996-05-23,"Studio 65
Ashley Pass",Greenton,G2 9DR,3399.66
CRM-10007,Margaret,Wright,1977-05-29,"Studio 01
Read Junctions",West Tracyburgh,AB48 8EN,4466.29
CRM-10008,Ruth,Buckley,1959-02-03,28 June Islands,Brownstad,EC0 9DD,480.35
CRM-10009,Danielle,Sharp,1997-04-25,7 Arthur Pines,Arnoldside,SM3Y 6QT,2138.51
CRM-10010,Georgia,Price,1962-06-05,5 Joan Plaza,New Gerald,E0 1BP,197.5
CRM-10011,Steven,Lewis,1964-07-04,"Flat 82
Smith Mountains",Batesville,KY5P 7BE,1132.26
CRM-10012,Benjamin,Ahmed,1968-08-24,3 Paula Mission,South Justin,LL3 7XE,2551.51
CRM-10013,Adam,Riley,1982-05-06,3 Jane Oval,Dobsonfurt,G6 6LT,181.35
CRM-10014,Mitchell,Davison,1995-04-08,"Flat 34
Kevin Prairie",Lake Terryton,W8 0WD,1034.25
CRM-10015,Christian,Rees,1950-03-08,19 Rosemary Ranch,New Jonathanchester,PA9V 4HP,3266.93
CRM-10016,Shane,Phillips,1954-06-18,"Studio 5
John Mount",North Shannonborough,M2F 3QN,2747.46
CRM-10017,Charles,Williams,1982-07-10,"Studio 80
Begum Cove",West Connor,G4 9HP,1141.18
CRM-10018,Dennis,Holmes,2003-08-07,"Studio 74
Colin Roads",Nortonton,N2 2TX,2966.87
CRM-10019,Diana,Rowe,1946-03-20,2 Lauren Prairie,South Scott,M5 5HJ,4056.68
CRM-10020,Dorothy,Webb,1998-08-23,"Studio 23
Edward Loop",East Brettchester,WN3M 1RB,82.17
CRM-10021,Pauline,Morton,2001-02-15,"Flat 43o
Katy Fields",Millsland,HS8 8PA,4038.81
CRM-10022,Connor,Shaw,1963-05-02,401 Ward Turnpike,Amandahaven,S9 4BS,3505.79
CRM-10023,David,Reynolds,2000-06-09,61 Johnson Shore,Lake Cliffordhaven,SG6 6NX,1734.24
CRM-10024,Scott,Lucas,1990-10-21,"Studio 29K
Stevenson Village",West Mitchellborough,TN99 7TT,819.62
CRM-10025,Frances,Dobson,1977-10-04,148 Green Terrace,Lake Dylan,L20 3UZ,4788.2
CRM-10026,Liam,Murphy,2005-11-10,676 Sean Shoal,Port Kennethchester,G87 8JE,1716.14
CRM-10027,Caroline,Browne,1977-03-05,"Studio 9
Burke Plaza",Bartlettfort,EX34 3LT,509.09
CRM-10028,Martin,Edwards,1961-07-07,"Flat 58f
Derek Fort",Faulknerborough,S6 8TS,528.75
CRM-10029,Benjamin,Martin,1974-02-23,"Studio 09
Jones Knoll",Janetchester,L7D 6UA,4245.1
CRM-10030,Janet,Holt,1991-10-10,"Studio 27i
Lisa Ramp",North Carlychester,W20 6PH,3038.44
CRM-10031,Sandra,Mills,1997-05-11,"Flat 64f
Brown Plains",West Francisland,BH0H 0ZF,4045.28
CRM-10032,Shane,Clarke,1991-02-11,374 Thompson Rest,Port Benport,B4 6HD,3662.17
CRM-10033,Jenna,Marshall,1988-03-29,4 Anna Tunnel,West Staceychester,IG1V 0SU,2704.33
CRM-10034,Kenneth,Williams,1970-03-16,"Studio 26l
Richards Plain",Hallshire,HG3 4TJ,4866.92
CRM-10035,Gillian,Pearce,1991-01-10,"Flat 07u
Holly Forest",Garrymouth,WS9 8AW,1923.75
CRM-10036,Karl,Cunningham,1994-07-23,"Studio 8
Hollie Mountains",Parkintown,M3 3NY,2782.6
CRM-10037,Laura,Jones,1981-09-08,"Studio 8
Parsons Motorway",Stewartview,E35 8GH,4155.55
CRM-10038,Robin,Hicks,1964-05-16,"Flat 3
Wilson Fall",Stephenside,M00 2UE,3111.67
CRM-10039,James,Allen,1977-07-01,"Studio 5
Lee Glen",Clarkland,LU19 2FY,4315.45
CRM-10040,Leon,Cunningham,1962-06-12,699 Zoe Light,Walkerport,S4K 9EH,2907.89
CRM-10041,Kayleigh,Kelly,1990-07-02,3 Lynn Club,North Michelle,SM97 0JN,3537.63
CRM-10042,Diana,Bird,2004-01-20,"Flat 3
Greenwood Road",South Geoffrey,L2E 1BG,276.83
CRM-10043,Mohammad,Wright,2001-08-24,"Studio 1
Holmes Squares",Hewitthaven,W7B 6PZ,1178.1
CRM-10044,Tony,Payne,1961-02-18,490 Pauline Path,Chadwickburgh,S7B 5SP,1482.47
CRM-10045,Danny,Davies,2003-12-05,67 Adams Locks,South Craigmouth,HG1 8AX,444.97
CRM-10046,Bethany,Ali,1958-04-28,"Studio 77
Dennis Grove",West Jennifer,LU1A 2NX,1202.31
CRM-10047,Stephen,Fisher,1951-11-25,7 Eileen Village,South Iain,M6W 7JT,549.96
CRM-10048,Lynn,Daly,1958-07-12,4 Cook Turnpike,Paulport,GU9W 2TX,1425.97
CRM-10049,Pamela,Ward,1983-02-11,"Studio 5
Amelia Garden",Barneschester,N7 6FU,3196.64
CRM-10050,Alan,Clarke,1985-09-20,"Flat 7
Kerry Motorway",Lake Garethchester,CV1R 5ZR,1855.92
CRM-10051,Francesca,Francis,1967-12-01,"Flat 78c
Damian Roads",Julianland,CB17 4AB,1882.4
CRM-10052,Victor,Coles,1965-07-09,"Flat 62p
Armstrong Turnpike",East Clive,S9 7YF,1087.06
CRM-10053,Dale,Hall,1962-11-03,"Flat 07s
Liam Mills",Kateport,KW4R 3RU,1371.54
CRM-10054,Kenneth,Smith,1984-06-23,"Studio 44
Katy Locks",Johnshire,TF0W 4JZ,4686.44
CRM-10055,Jay,Lloyd,1958-06-30,"Studio 21O
Dylan Turnpike",Rhodesstad,CO1M 6GH,3257.78
CRM-10056,Wayne,Fitzgerald,2005-03-14,"Studio 84
Douglas Views",Morganport,WR5B 1FJ,3065.2
CRM-10057,Sian,Wood,1972-08-07,"Flat 6
Arthur Plain",South Lauraview,S5B 7AZ,897.14
CRM-10058,Chelsea,Mills,1987-01-27,174 Clark Cape,West Valerieville,L8 6TQ,3659.18
CRM-10059,Vanessa,Wells,1992-12-14,"Studio 26
Wendy Ridges",Singhview,N3 7JQ,858.84
CRM-10060,Nigel,Robinson,1970-07-22,"Flat 6
Barrett Crossing",Greenborough,RH9A 5JF,1928.3
CRM-10061,Anna,Martin,2002-01-10,335 Jodie Alley,Jacobberg,M2B 2AQ,4948.14
CRM-10062,Frank,Fox,1946-08-19,02 Carey Summit,South Lucystad,E7J 9BW,3218.0
CRM-10063,Josh,Murphy,1947-09-05,66 Abigail Station,Fordland,PL2 2LZ,2806.9
CRM-10064,Ashleigh,Grant,1994-01-07,"Studio 9
Price Rapids",Gibsonville,SA8Y 6TJ,3438.84
CRM-10065,Amy,Cook,1976-06-01,"Studio 1
Pugh Shores",Karenberg,LN1B 1SE,4222.12
CRM-10066,Christine,Barker,1983-06-02,885 Victoria Knoll,Taylorton,PH4 1YW,3891.2
CRM-10067,Phillip,Nash,1978-05-15,5 Clark Harbors,Port Anne,B9S 0GL,1183.79
CRM-10068,Rita,Carter,2008-04-07,"Flat 02j
Rees Streets",North Melanieborough,KT75 5NP,208.9
CRM-10069,Kirsty,Anderson,2005-09-01,2 Frances Common,Angelachester,PL76 3WE,1611.49
CRM-10070,Leigh,Sykes,1964-10-31,"Studio 40
Hannah Rapid",North Dennisport,G44 1AU,1375.32
CRM-10071,Sharon,Jarvis,1971-06-07,851 Taylor Canyon,Brownland,OX6 6NE,1094.37
CRM-10072,Carol,Brown,1967-08-29,751 Watts Gardens,Foxhaven,S4 3PG,4717.4
CRM-10073,Martin,Dennis,1953-04-26,52 Timothy Drive,Joeburgh,G1C 7YY,4388.02
CRM-10074,Lucy,Davies,2005-07-31,"Studio 52C
Pauline Mills",Henryshire,N8 4TT,1607.66
CRM-10075,Ian,George,2002-02-25,"Flat 1
Hall Plaza",South Alexandraborough,PL7 0TE,3294.42
CRM-10076,Glenn,Robinson,1951-04-19,3 Scott Pine,West Christine,IP6 9BP,2008.38
CRM-10077,Gary,Sheppard,1983-07-12,"Flat 49j
Reeves Shore",West Dylan,SN6E 4XR,4577.01
CRM-10078,Carly,James,2000-11-22,816 Brown Inlet,East Maurice,DG32 1NE,2321.32
CRM-10079,Kathleen,Welch,2002-05-22,592 Nash Falls,Lake Jennifer,S5 7ZN,1361.16
CRM-10080,Lucy,Barnes,1961-10-31,"Studio 3
Davies Ports",Hallport,MK86 3ZF,1270.81
CRM-10081,Tony,Barnett,1978-04-06,"Studio 18
Glen Corner",West Barbara,G6B 7QA,2828.77
CRM-10082,Elizabeth,Manning,1979-09-20,"Flat 61
Wilson Island",Port Francescamouth,G04 2UT,1350.57
CRM-10083,Amber,Burgess,1950-12-13,32 Griffiths Heights,West Adrian,L6 1EU,2943.7
CRM-10084,Jodie,Wilkinson,1988-07-24,246 Jayne Knoll,New Helen,E85 8XW,4494.22
CRM-10085,Kathleen,Naylor,1972-02-16,"Flat 6
Smith Brook",Josephstad,E95 0QX,2027.03
CRM-10086,Declan,Bradley,1957-06-21,"Studio 72Z
Philip Stravenue",Simsborough,L0 4WR,1135.64
CRM-10087,Paige,Jones,1948-01-19,50 Robertson Union,Amandafurt,LA6N 7UQ,4987.81
CRM-10088,Maureen,Phillips,1951-03-07,"Flat 6
Janice Hill",Timothyland,SE4 7ZS,2572.16
CRM-10089,Mohammed,Marshall,1969-06-24,"Flat 5
Robertson Turnpike",North Vanessafurt,ML2 2ZT,500.0
CRM-10090,Joshua,Clarke,1961-08-13,"Flat 69c
Josephine Mission",Christinemouth,G8 6PL,283.23
CRM-10091,Frederick,Hunt,1947-04-28,86 Marcus Trail,Geraldinemouth,M73 2DT,592.76
CRM-10092,Kyle,Sutton,1975-11-06,551 Ball Vista,Lake Carolyn,RH2N 1HF,3155.86
CRM-10093,Frank,Pearson,1947-05-07,"Studio 95
Roberts Plaza",New Nicholas,M6 8SS,3970.79
CRM-10094,Beverley,Ford,1967-02-17,78 Clarke Village,Port Callum,MK01 4GG,2139.69
CRM-10095,Brandon,Hudson,1960-11-25,"Studio 41
Chapman Plaza",Malcolmport,E8S 9YF,364.46
CRM-10096,Ronald,Slater,1994-08-06,"Studio 00
Jordan Row",Naomiborough,S9S 7XN,1939.02
CRM-10097,Jemma,Andrews,1978-06-03,647 Charlene Circle,South Elizabeth,LL35 5PQ,4980.8
CRM-10098,Tracey,Clarke,1970-10-09,37 Vincent Mission,East Lewis,M6 3GP,2669.12
CRM-10099,Melissa,Atkinson,1958-06-23,87 Shaw Parks,North Lisahaven,EC39 0BN,4856.84
CRM-10100,Olivia,Anderson,2002-11-30,"Flat 80g
Macdonald Greens",Sophiestad,S0 5XN,4310.86
CRM-10101,Liam,Cooper,1976-03-15,"Studio 91
Lewis Lock",Declanside,SY2 9WR,106.83
CRM-10102,Donna,Thomas,1948-03-16,578 Bray Passage,West Molly,CW6 9PW,3617.57
CRM-10103,Natasha,Kent,1993-10-14,"Studio 0
Fry Creek",Jacksontown,W4S 0YU,3424.47
CRM-10104,Ronald,Barry,1994-08-20,"Flat 30
Karl Brook",Sinclairberg,SM36 0FW,2708.0
CRM-10105,Gavin,Moore,1990-08-15,"Studio 65
Kelly Place",Janicestad,TD4W 3JL,1370.78
CRM-10106,Nicole,Burns,1965-10-23,"Studio 37u
Stone Underpass",Gerardville,S6W 2NB,3222.76
CRM-10107,Gerard,Nolan,1950-12-08,"Studio 4
Stevens Views",Chelseaview,E99 3BW,602.18
CRM-10108,Eric,Dawson,1949-02-16,57 Gail Trail,North Georgina,S77 4PN,2202.09
CRM-10109,Leah,Howard,1997-11-13,938 Clive Mall,North Patricia,DE40 4YZ,2295.93
CRM-10110,Kenneth,Murray,1968-05-10,"Studio 8
Gregory Dale",Sharpeville,CW7 2AP,4771.39
CRM-10111,Bryan,Swift,1997-02-02,9 Mason Passage,Nicholasfurt,CB2E 5JA,4385.47
CRM-10112,Elliot,Cooper,1975-12-16,"Flat 49U
Elliot Shoal",Hazelbury,E7 2RW,1353.78
CRM-10113,Geraldine,Moran,1992-07-13,459 Gerald Dale,Gouldstad,SN87 3ZD,2527.9
CRM-10114,Kerry,Williams,1993-06-13,"Flat 9
Benjamin Village",New Paula,G58 1HY,934.33
CRM-10115,Wendy,Green,1980-04-15,"Flat 7
Sally Mall",Mooreside,SK40 4AH,4567.51
CRM-10116,Rosemary,Ford,1974-05-23,"Studio 18d
Megan Bypass",Michelleburgh,S56 6RD,4359.07
CRM-10117,Jill,Robson,2005-01-26,512 Hill Stream,Port Paul,M7 8RJ,1527.3
CRM-10118,Louis,Hall,1956-02-11,"Flat 10
Richards Brook",East Joseph,B7 3BR,3212.8
CRM-10119,Jennifer,Henry,1960-05-05,8 Henry Street,Melissamouth,M28 6NL,3064.4
CRM-10120,Benjamin,Randall,1985-10-26,687 Leigh Row,Thorntonmouth,KT6E 6GX,806.55
CRM-10121,Elaine,Smith,1960-11-21,"Studio 27d
Morgan Point",South Norman,DL5 7QD,3824.43
CRM-10122,Paula,Wood,1958-07-09,69 Liam Field,South Gavin,GU0 3EU,2719.93
CRM-10123,Norman,Booth,1993-06-13,38 Russell Light,Ashtonstad,EX5 7EU,3904.2
CRM-10124,Stanley,Austin,1970-10-13,"Studio 0
Jacob Brook",Andreashire,S4C 5JR,2675.25
CRM-10125,Shirley,Lee,1979-07-15,"Flat 77D
Jay Extension",Lake Janice,DE80 1BA,52.83
CRM-10126,Amy,Khan,1988-06-23,2 Charlie Parkways,Patelfort,LU0A 0AW,1654.57
CRM-10127,Henry,Wilkinson,1965-01-24,621 Judith Drive,East Jasmine,M5E 1QR,146.41
CRM-10128,Kelly,Armstrong,1993-01-01,10 Carol Light,Fisherton,AL2B 6PY,4649.04
CRM-10129,Neil,Bowen,2008-02-08,3 Dixon Club,Paigeshire,BD2N 3YF,4399.67
CRM-10130,Patricia,Murray,1965-12-03,396 Cooper Streets,Port Charlene,BT8Y 0ES,4166.74
CRM-10131,Dale,Bull,1968-09-25,"Flat 04Y
Hughes Knolls",Williamsshire,IM1W 3DD,1572.19
CRM-10132,Max,Nash,1993-12-26,655 George Avenue,Louisestad,CF2 2ST,336.73
CRM-10133,Nicole,Duffy,1973-04-28,1 Naylor Ranch,Emmatown,KA6 8JY,4396.15
CRM-10134,Maria,Thompson,1971-06-20,4 Phillips Drive,East Tracyview,GU71 4JU,4737.4
CRM-10135,Marilyn,Richards,1976-09-18,4 Hannah Isle,Robertsmouth,HP69 4PZ,473.98
CRM-10136,Annette,Thorpe,1966-12-09,54 Morgan Tunnel,West Nicola,TW6 1YH,2455.65
CRM-10137,Jenna,Turner,1957-10-20,737 Holden Cliff,Daviesberg,GU3M 6RD,392.6
CRM-10138,Lucy,Scott,1978-03-03,"Studio 86
Rebecca Squares",North Frederickstad,B96 6EA,3814.98
CRM-10139,Nigel,Smith,1980-04-22,56 Clements Radial,West Peter,CF46 1FQ,3840.88
CRM-10140,Graeme,Ward,1998-12-05,757 Jennifer Stravenue,Newtonport,E0 1GJ,685.54
CRM-10141,Georgia,Coleman,1956-06-15,"Studio 67
Carol Roads",East Ruth,KY6A 7YS,2402.65
CRM-10142,Janet,Burgess,1960-03-04,19 Paula Ferry,Victorborough,CH47 9RZ,2771.53
CRM-10143,Deborah,Fox,1969-03-26,"Studio 9
Ellie Squares",Jayneshire,G5 3NE,1362.03
CRM-10144,Justin,Patel,1955-03-06,"Studio 9
Beverley Lights",Skinnerside,RM2V 7NF,4368.54
CRM-10145,Christian,McLean,1976-03-31,07 Gordon Via,Robsonhaven,ME6X 6TU,2144.53
CRM-10146,Mohammed,Barlow,1947-08-29,04 Shannon Heights,Port Clare,W8J 9EL,1098.4
CRM-10147,Paige,West,1970-07-10,783 Warner Village,West Ryan,EX51 1JH,2719.52
CRM-10148,Joan,Conway,2004-02-25,"Flat 92
Russell Valley",New Bruceside,PH8 5NN,3663.16
CRM-10149,Marion,Phillips,2003-12-12,6 Martyn Way,Lake Wayne,G53 7FY,1045.7
CRM-10150,Julia,Phillips,1973-09-29,"Studio 1
Sophie Passage",Annettestad,LU59 1TQ,1593.0
CRM-10151,Philip,Coles,1972-08-15,37 Stanley Haven,Lorraineshire,W50 1TA,4975.99
CRM-10152,Harry,Murray,1956-04-22,"Studio 0
Howell Spurs",Lake Josh,M15 1QG,3266.9
CRM-10153,Lee,Frost,1966-05-07,11 Allan Neck,East Jennabury,W0A 1SF,2218.6
CRM-10154,Lesley,Bruce,1971-08-17,115 Wallace Dam,Griffinberg,SK2B 9GT,2612.0
CRM-10155,Bruce,Wood,1988-04-19,97 Nicholas Courts,Port Harry,S5G 2JL,648.97
CRM-10156,Leah,Short,1983-03-20,"Studio 04n
Deborah Hill",Port Shanefort,CH37 8AQ,1162.25
CRM-10157,Elliott,Clarke,2004-02-19,"Flat 82W
Watson Trail",North Kateland,M3 0RW,1723.52
CRM-10158,Mitchell,Johnson,1979-08-27,"Studio 6
Ruth Plain",West Jake,BT8 2XP,2962.13
CRM-10159,Deborah,Grant,1997-06-30,63 Duncan Corners,Clarkton,SG2 0FA,1189.07
CRM-10160,Ben,Hughes,1969-02-24,"Flat 52
Hope Crest",West Anneview,E4T 7TW,1140.08
CRM-10161,Rebecca,Hartley,2004-01-14,24 Marion Spring,East Natashatown,B3 7QR,401.42
CRM-10162,Kieran,Gardner,2003-11-28,635 Helen Stravenue,Mathewland,N1J 2JW,3173.96
CRM-10163,Jordan,Watson,1950-04-01,"Flat 45f
Bailey Flats",Lynneport,PR3R 9UH,1183.26
CRM-10164,Janice,Carter,1962-03-28,6 Donald Plains,Heathertown,AB6 1HW,4531.83
CRM-10165,Frank,Burton,1949-08-19,410 Maria Loop,Clareland,E8C 1YY,4305.2
CRM-10166,Benjamin,Williams,1954-06-14,45 Harrison Street,Elliottmouth,DY1 2YE,400.74
CRM-10167,Dean,Whitehouse,1976-02-25,"Flat 61I
Arnold Fords",Herbertview,E2 9BH,1228.12
CRM-10168,Toby,Bray,1993-12-13,68 Sian Hills,Clivetown,WF78 1TE,3361.44
CRM-10169,Bradley,O'Neill,1949-10-02,3 Patel Roads,New Kateview,B1 7FD,1110.47
CRM-10170,Mohamed,Blake,1976-12-05,9 Fuller Locks,Daychester,N32 4TF,704.94
CRM-10171,Joshua,Flynn,1987-07-18,476 Long Harbors,Khanborough,WV8H 6QU,4680.8
CRM-10172,Paige,Porter,1968-12-20,"Studio 4
Richard Island",North Leonard,W8 9JG,2876.66
CRM-10173,Oliver,Smith,1961-12-19,"Studio 03
Evans Villages",East Frank,N5K 5YY,2389.72
CRM-10174,Patrick,Moore,1958-05-14,"Studio 42
Thomas Centers",New Gerald,W0 9HF,3933.87
CRM-10175,Maurice,Edwards,2008-01-30,"Flat 0
Kate Squares",Port Jamie,N1F 9EP,4047.11
CRM-10176,Josh,Stanley,1956-04-10,"Studio 75l
Wilson Radial",South Mohammad,SM4E 0YR,992.53
CRM-10177,Kirsty,Higgins,1986-07-20,"Studio 39
Jean Divide",Martinbury,HD2 5TA,529.81
CRM-10178,Arthur,Kelly,1992-09-22,41 Anthony Lights,Hopeburgh,ME65 1UY,2183.7
CRM-10179,Naomi,Reed,1960-11-27,10 Brown Green,North Glennburgh,CW18 5ZZ,2146.71
CRM-10180,Pamela,Campbell,1974-11-28,620 Mohamed Ford,South Bethan,M4E 1BR,2361.77
CRM-10181,Alexandra,Parry,1978-12-19,5 Rachel Corners,Irenefort,E03 4DU,3658.93
CRM-10182,Connor,Herbert,1972-08-09,"Studio 4
Jemma Plains",Gallagherfurt,DE7 4TT,3383.15
CRM-10183,Marcus,Wilson,1963-11-01,1 Aimee Key,Coatesshire,B68 8UY,4921.62
CRM-10184,Damian,Jones,1950-12-06,"Studio 08K
Trevor Throughway",Lordburgh,L20 1SH,537.17
CRM-10185,Teresa,Kennedy,1986-01-18,"Flat 11y
Fisher Walks",Mariamouth,S1 2FY,2042.98
CRM-10186,Joan,Jackson,1952-05-17,148 Shaw Greens,Watersshire,W0C 6FZ,1729.55
CRM-10187,Tina,Davies,1972-11-22,53 Alice Grove,Michaelmouth,HA4 1JF,4315.28
CRM-10188,Clifford,Simpson,1975-09-17,"Flat 69P
Roy Mills",Port Jane,LU8N 8GD,1280.85
CRM-10189,Graeme,Ellis,1973-01-03,902 Marc Villages,East Ryanmouth,N3 5TW,991.53
CRM-10190,Patricia,Woods,1953-12-26,5 Wright Fall,Foxstad,CW4 4AR,2270.64
CRM-10191,Adam,Humphries,1984-07-01,3 Max Run,Lewistown,CO29 3LZ,2138.31
CRM-10192,Stewart,Edwards,1993-10-30,"Studio 6
Nicholls Forge",Atkinshaven,S9B 8QX,1428.8
CRM-10193,Eileen,Wright,1964-10-16,"Studio 17e
Scott Route",Martynview,SP4H 8JB,1286.54
CRM-10194,Grace,Ahmed,1967-04-22,074 Walker Lodge,Prattshire,OX3N 8UQ,4620.16
CRM-10195,Kathleen,Hodgson,1957-02-15,17 Garry Stream,Lake Albert,CA3N 4SP,2243.5
CRM-10196,Christine,Smith,1965-07-26,"Flat 7
Ashleigh Prairie",South Gordonhaven,S8 6BF,4313.68
CRM-10197,Ashley,Chambers,1968-11-16,"Studio 72
Taylor Falls",South Brettburgh,RH0 7LH,2774.11
CRM-10198,Leslie,Allen,1956-05-03,"Flat 2
Parkinson Lodge",Arnoldfurt,B8 5AP,300.41
CRM-10199,Melanie,Bates,1991-08-11,335 Clarke Lights,Mohammedland,M4 8ZW,4996.45
CRM-10200,Tom,Williams,1992-04-17,75 Roger Valleys,Brownbury,CO3Y 9WG,4188.34
CRM-10201,Harry,Owen,1989-10-29,48 Marilyn Causeway,Lake Michaelton,CH6R 1XL,4846.53
CRM-10202,Elaine,Campbell,1959-07-17,61 Johnson Squares,South Stuart,E4B 7HZ,4635.52
CRM-10203,Marc,Hobbs,2002-02-21,64 Simon Plaza,Walkerfort,EC0 1EY,4251.04
CRM-10204,Aimee,Hughes,1951-09-09,143 Scott Hill,Gillianton,G0 5PS,873.24
CRM-10205,Connor,Green,1997-02-25,2 Hugh Knolls,Nolanview,CA5N 1RR,2453.92
CRM-10206,Caroline,Dixon,1971-10-22,"Studio 2
Wayne Square",Port Samville,PE79 2ZR,1108.05
CRM-10207,Sarah,Talbot,2004-04-03,71 Williams Circles,Abbiemouth,L5 6JU,2035.15
CRM-10208,Denis,Adams,1989-03-16,"Flat 89
Mark Row",New Pauline,WR21 5JP,340.25
CRM-10209,Ricky,Parker,1960-09-17,"Studio 3
Kelly Mills",Nicholsonfort,HD17 1RS,1925.92
CRM-10210,Alan,Randall,1945-07-27,948 Abbie Skyway,Gilesstad,L7 8ZZ,4927.28
CRM-10211,Elaine,Edwards,1970-04-12,"Flat 1
Paul Junctions",Ashleighport,N1A 7FS,1362.76
CRM-10212,Kenneth,Smith,1958-11-21,6 Clare Views,Lake Declan,S0 7TY,3931.15
CRM-10213,Leanne,Macdonald,1979-07-03,086 Bennett Tunnel,Lake Rosemary,G16 8RS,2302.29
CRM-10214,Tina,Chadwick,1997-06-08,65 Price Dale,South Mandy,WV8M 8HH,2143.89
CRM-10215,Rhys,Johnson,1965-05-01,"Studio 22G
Ellis Trace",Chelseafort,S8E 0WE,4788.72
CRM-10216,Peter,Palmer,1949-03-02,4 Mitchell Springs,Jacobton,TN4H 5TE,4977.34
CRM-10217,Amber,Taylor,1995-11-18,863 Marshall Causeway,Coopermouth,B0T 3ZT,2801.05
CRM-10218,Eric,Walker,1993-07-04,"Studio 89
Gordon Hill",Williamsonland,G81 0SL,3606.12
CRM-10219,Suzanne,Pritchard,1956-07-04,"Flat 5
Ellis Drives",East Brandonton,PO4R 1PW,816.24
CRM-10220,Gerald,Andrews,1980-12-25,268 Green Forges,Lake Mohamed,HX4 9WU,1518.7
CRM-10221,Chelsea,West,1989-09-28,5 Smith Row,North Jill,IM1 4XN,4845.11
CRM-10222,Peter,Walker,2001-07-02,"Studio 87
Thomas Run",West Katherine,E2 1HH,2916.94
CRM-10223,Lydia,Douglas,1952-08-18,612 Kelly Stravenue,Ianland,B2 8DY,2733.87
CRM-10224,Julian,Walker,1973-04-18,"Studio 6
Saunders Loaf",New Thomasland,PA0Y 5WE,3752.48
CRM-10225,Gregory,Greenwood,1966-01-24,76 Fuller Burgs,Popebury,S84 4QA,332.97
CRM-10226,Andrea,Gardiner,1955-03-06,0 Powell Corner,Rhysstad,S82 2JZ,2941.68
CRM-10227,Howard,Chamberlain,1957-11-24,781 Davies Glen,East Kimberleyfort,HU2 1NZ,2539.11
CRM-10228,Brian,Lyons,1967-03-08,"Studio 5
Faulkner Drives",Guychester,B53 6LQ,4270.96
CRM-10229,Aaron,Davies,1968-02-14,"Studio 7
Russell Oval",East Leahland,WF2 4DD,829.29
CRM-10230,Jack,Baker,1988-07-16,969 Alan Plaza,Paigeside,SA25 3YN,4805.86
CRM-10231,Aaron,Hall,1980-04-16,58 Cheryl Garden,Port Katherine,W22 7QB,446.55
CRM-10232,Gerald,Carter,1961-04-30,53 Aimee Ford,Charlottefort,WS00 1WL,969.83
CRM-10233,Marcus,Whitehead,1984-05-10,65 Georgia Glen,Pagebury,S5W 7UZ,2995.42
CRM-10234,Thomas,Knight,1955-01-06,"Flat 31
Kelly Ferry",West Mandy,TW1X 6PE,3392.3
CRM-10235,Hayley,Davies,1978-02-26,260 Samuel Crossroad,East Harriet,B9C 2LG,1214.26
CRM-10236,Georgia,Hayward,1986-05-06,413 Jenkins Mountains,Thompsonchester,G9W 9WL,643.44
CRM-10237,Mohammed,Wood,1968-11-16,"Studio 91
Gemma Lights",North Andrew,S29 2UZ,4456.92
CRM-10238,Grace,Thomas,1998-11-25,7 Mandy Plains,Port Josephinechester,S5W 8SJ,1268.77
CRM-10239,Hayley,Pearson,1971-07-02,"Studio 91
Browne Neck",Port Jake,PH8 4HA,2992.87
CRM-10240,Carolyn,Reid,1946-01-15,063 Hanson Coves,South Naomi,M4W 9QZ,3115.94
CRM-10241,Martyn,Chambers,1972-08-08,88 Carpenter Points,Smithport,N6T 1JT,2125.16
CRM-10242,Beth,Wells,1952-05-19,658 Shaun Loaf,Port Georgeberg,PH61 4JQ,2939.18
CRM-10243,Jason,John,1994-11-10,"Studio 9
Ellis Ranch",Port Clivefort,AL38 3BZ,2637.77
CRM-10244,Denise,Lewis,1961-04-28,053 Charles Corners,Traceystad,IV6W 8AD,4676.8
CRM-10245,George,Parry,1994-12-21,"Flat 43M
Sandra Lodge",West Clivechester,E8B 5EW,1061.08
CRM-10246,Douglas,Hawkins,2000-11-21,"Studio 76K
Moran Throughway",Claremouth,B7B 1RJ,3595.15
CRM-10247,Sian,Harrison,2000-01-04,"Studio 5
Beth Village",Frederickport,S5 8GU,1231.5
CRM-10248,Terry,Ingram,2006-06-01,"Flat 37
Damian Street",Port Arthur,L33 2EE,2009.14
CRM-10249,Jason,Davies,1990-09-14,"Studio 08
Hayley Landing",Valerieshire,LU2 6JY,3374.87
CRM-10250,Scott,Collier,1999-12-12,"Studio 8
Stephanie Key",Taylorburgh,CM87 0AH,1534.99
CRM-10251,Jessica,Jackson,1967-09-14,"Studio 42
Smith Mountains",Claireburgh,KW36 5RL,1615.08
CRM-10252,Barbara,Gardner,1954-06-25,4 Suzanne Meadows,Chapmanberg,TS02 7FW,3771.73
CRM-10253,Eleanor,Atkinson,1998-12-31,"Flat 48K
Patricia Courts",North Robin,LN1 5LQ,409.09
CRM-10254,Rebecca,Moore,2000-09-05,"Flat 06h
Taylor Rest",New Beverley,SA8E 5PW,2318.51
CRM-10255,Holly,Russell,1975-12-21,94 Mistry Drive,Lake Tom,RG99 1DG,4992.35
CRM-10256,Glenn,Wilson,1967-02-14,"Studio 49P
Dixon Mills",Katehaven,KA22 2JL,4980.68
CRM-10257,Beth,Banks,1959-11-20,11 Elaine Plaza,North Patriciahaven,E4 1RN,412.64
CRM-10258,Bernard,Smith,1964-11-23,"Studio 22H
Matthew Bypass",Victorfort,WR84 2XG,1105.11
CRM-10259,Marie,Anderson,1988-07-01,"Studio 84
Jones Forks",South Mohammadstad,EX24 0WF,1362.74
CRM-10260,Leigh,Hussain,1981-12-20,774 Sharon Union,Jodiebury,N3 8SR,4669.63
CRM-10261,Frederick,Humphries,1995-09-20,"Studio 3
Hooper Road",New Molly,SL4M 6HD,4410.28
CRM-10262,Justin,Khan,1953-01-24,"Studio 74
Kay Brook",North Eleanor,G1 4FT,4402.39
CRM-10263,John,Barnes,1955-10-24,35 Webster Union,Turnermouth,TQ0N 2BL,1879.16
CRM-10264,Deborah,Hammond,1977-07-20,4 Finch Crossing,South Angela,B37 8HU,830.85
CRM-10265,Janet,Davies,1966-10-18,"Flat 08
Howard Orchard",Joestad,L1 6PA,4177.04
CRM-10266,Mohammed,James,1985-05-06,30 Kimberley Tunnel,Holmesberg,TD1 2UD,3532.52
CRM-10267,Joyce,Hurst,1997-03-30,5 Rita Plain,East Hollybury,NW5 3AR,3077.8
CRM-10268,Sarah,Wood,1962-08-14,78 Freeman Overpass,New Christian,N5T 4ZX,4936.8
CRM-10269,Shaun,Rees,1956-02-09,"Flat 48x
Savage Route",Huntertown,N9D 1XR,3287.18
CRM-10270,Karl,Barry,1979-06-01,456 Griffiths Pike,North Callumburgh,L1 3EB,88.72
CRM-10271,Alexandra,Graham,1972-01-01,"Studio 99
Parker Forges",North Gavinfort,W0 8SQ,4094.67
CRM-10272,Lindsey,Howard,1987-07-16,"Studio 01
Hamilton Forge",North Daleside,DG38 9GX,1531.92
CRM-10273,Nicole,Allan,1952-09-26,"Studio 76g
Jeremy Plaza",Loweburgh,W5F 5SS,3333.77
CRM-10274,Brandon,Jenkins,1983-11-18,84 Hunt Mission,Savageton,PH0 4AN,4697.7
CRM-10275,Ross,Stevens,1966-12-26,488 Neil Camp,Evansberg,HX9 3LN,714.74
CRM-10276,Colin,Tyler,1984-04-13,157 Holly Views,New Jemmaport,S1 5QS,621.37
CRM-10277,Helen,Begum,1953-10-05,906 Stewart Pine,West Sheilashire,N83 0RT,579.83
CRM-10278,Marilyn,Allen,1951-09-09,46 Wayne Junction,South Alexandraton,S4B 8SF,2788.46
CRM-10279,Barry,Jones,1959-01-15,"Studio 9
Chelsea Ridges",East Steven,TF6 9DE,1398.12
CRM-10280,Vanessa,Ali,1970-05-31,"Flat 55
Stewart Extension",Ambermouth,G7A 3QF,3043.91
CRM-10281,Graham,Clark,1949-04-08,240 Faulkner Creek,Barbarafort,N3 3XW,3602.18
CRM-10282,Garry,Parry,1987-12-15,069 Conor Extension,West Marcview,W0 6LQ,1057.81
CRM-10283,Raymond,Brown,2004-08-01,"Flat 68
Guy Oval",East Joehaven,NW00 8NP,3189.48
CRM-10284,Wendy,Leach,1956-03-29,55 Smith Parkway,Benjaminview,WV08 3FP,1356.72
CRM-10285,Lisa,Moss,1951-07-14,"Studio 93
Smith Drives",Coatesmouth,NP23 9XH,2468.23
CRM-10286,Ashley,Herbert,1993-07-17,29 Elliott Cliff,East Elliottberg,BB5P 4TL,4531.42
CRM-10287,Derek,Marsh,1952-10-27,0 Butler Ridge,New Dale,B51 2WZ,4238.21
CRM-10288,Pauline,Ellis,1971-01-02,77 Ben Fields,North Michelle,M6 3HD,506.88
CRM-10289,Edward,Bennett,1975-06-14,"Studio 57p
Gibbons Canyon",Atkinsonfurt,B8B 7BJ,2146.7
CRM-10290,Maureen,Powell,1995-08-02,680 Iain Mill,Youngport,DA64 8FT,1419.57
CRM-10291,Leah,Price,1994-09-25,9 Lisa Loop,Barbaratown,W93 1LP,67.55
CRM-10292,Hazel,Brooks,1993-12-21,111 Thomson Corner,Woodhaven,G6J 0GP,3867.04
CRM-10293,Anna,Carr,2004-04-05,2 Lee Manor,Dylanmouth,RG2 2HA,3203.71
CRM-10294,Brenda,Miller,1946-05-22,"Studio 7
Tina Park",East Joan,LN7P 1ZZ,1346.68
CRM-10295,Thomas,Smith,1982-10-21,"Studio 83
Jeffrey Drive",Lake Damienton,B99 5DB,3719.09
CRM-10296,Raymond,Fletcher,1957-09-08,499 Caroline Summit,Alanland,HG5 1SX,2780.82
CRM-10297,Gary,Harris,1954-09-18,458 Whittaker Square,New Kevin,E7 6ZP,2167.05
CRM-10298,Garry,Whittaker,1987-12-20,"Flat 99
Reynolds Roads",Hughesburgh,L4D 1AT,97.87
CRM-10299,Kayleigh,Roberts,1995-09-28,660 Stone Valley,North Ruth,M41 4WX,422.46
CRM-10300,Brandon,Perkins,1953-04-21,"Flat 69N
Clive Fields",Declanfort,TR02 2TX,4421.38
CRM-10301,Albert,Hall,2000-12-17,"Studio 08t
Duffy Brook",New Lydia,TR5 2LA,4524.45
CRM-10302,Declan,Robinson,1988-03-11,962 Mohammad Squares,Carolynton,KA1 3QT,2750.67
CRM-10303,Josh,Stevens,1966-02-17,5 Reece Course,Lowefort,G3F 8NP,4181.25
CRM-10304,Gareth,Moran,1952-03-30,0 Cooper Way,North Graemeton,WD9B 7BE,2933.42
CRM-10305,Maria,Miller,1996-04-16,"Flat 9
Dawson Fords",Marcborough,FY8 7EL,783.06
CRM-10306,Kieran,Fraser,1953-05-06,881 Joanna Keys,Mathewberg,TR4W 2DN,680.86
CRM-10307,Molly,Norman,1982-05-06,"Flat 2
Megan Spring",North Jacquelineton,S6 9YT,1575.88
CRM-10308,Amber,Evans,1968-03-04,817 Colin Via,Gibsonport,RM7R 3FZ,4499.96
CRM-10309,Garry,Walker,1972-03-28,557 Holland Mountains,West Catherinemouth,M59 8ER,3990.81
CRM-10310,Kenneth,Rose,1989-10-02,87 Wright Garden,New Sam,IP15 9SS,4310.48
CRM-10311,Kirsty,Greenwood,1982-08-12,1 Clark Ranch,Roseville,DD46 9EZ,4499.68
CRM-10312,Jessica,Mills,1989-06-13,3 Kimberley Throughway,Port Seanberg,NN46 3HP,1089.88
CRM-10313,Clifford,Tyler,2007-09-13,"Studio 5
Carole Branch",Bakerport,N8 0XQ,1285.17
CRM-10314,Jamie,Taylor,2004-06-19,6 Johnson Station,Stevensonchester,L2H 3XR,558.83
CRM-10315,Rebecca,Gray,1956-01-21,"Studio 22a
Eileen Brook",Lake Holly,KY2B 6TZ,3911.58
CRM-10316,Diane,Johnson,1976-06-24,"Studio 76
Wilson Manors",New Dawnbury,MK4P 0BY,4426.47
CRM-10317,Pamela,Cole,1953-04-04,"Studio 12U
Hall Common",East Meganland,RH8W 9BP,2061.57
CRM-10318,Eleanor,Marsh,1977-06-18,"Studio 79
Oliver Union",Gregoryburgh,M9 0UY,3122.27
CRM-10319,Leslie,Allen,1990-03-21,"Studio 90s
Reeves Parkways",Port Rickyview,M44 1ZG,815.04
CRM-10320,Marie,Hicks,1990-05-31,"Flat 24Y
Danielle Falls",West Grahamberg,G7U 6JT,4652.91
CRM-10321,Kim,Thompson,1984-11-15,"Flat 4
Lee Expressway",Matthewsport,SW83 6UL,4329.8
CRM-10322,Jacob,Hill,1975-02-21,76 Hunt Springs,North Staceystad,PO45 4EL,4882.22
CRM-10323,Abbie,Jackson,1976-12-07,938 Davies Falls,Lorrainetown,AL1A 1WE,4063.32
CRM-10324,Lydia,Williams,1960-06-27,"Flat 30b
Kevin Ranch",New Kim,E1 6YG,4413.01
CRM-10325,Jamie,Booth,1962-10-18,"Studio 1
Preston Harbor",Marshallmouth,CW1 0RR,172.69
CRM-10326,Brett,Turner,1963-02-17,"Flat 71
Robinson Flats",Carpenterfort,G8 3ZE,3695.99
CRM-10327,Angela,Edwards,1952-08-02,1 O'Donnell Brook,Braytown,S4 5RY,1694.32
CRM-10328,Paul,Lewis,1998-01-09,"Studio 6
Watts Tunnel",New Erictown,SM71 5NR,4657.54
CRM-10329,William,Donnelly,1989-08-04,85 Kelly Trace,Eileenborough,B63 6EQ,4021.06
CRM-10330,Holly,Cunningham,1988-08-14,"Studio 32c
Peter Stravenue",South Janet,M7 0BP,4327.12
CRM-10331,William,Haynes,1994-08-15,13 Singh Ways,Lake Rosemary,E02 0UZ,4063.21
CRM-10332,Jordan,Smith,1989-09-15,2 Mohammad View,South Kathrynburgh,E1B 9ZJ,1370.69
CRM-10333,Philip,Roberts,1974-07-24,"Studio 65h
Danny Villages",Port Jordan,G5B 4FS,3947.5
CRM-10334,Leslie,Booth,1983-03-21,39 Aaron Courts,Hobbstown,BT00 1YN,585.07
CRM-10335,Helen,Faulkner,1999-06-21,"Studio 23j
Norris Loop",East Kathryn,BD9E 9DN,4367.23
CRM-10336,Damien,Fletcher,1983-07-05,1 Marian Lake,South Kayleigh,DL4A 1FU,4300.04
CRM-10337,Jean,Noble,1991-02-28,5 Kelly Glen,Ambermouth,E0 2AU,1151.05
CRM-10338,Katherine,Clark,2006-06-20,799 Burton Summit,Bernardville,DY1 6HR,4092.1
CRM-10339,Gerald,Ford,1985-05-16,"Flat 6
Robin Ridge",Williamsonstad,W35 3PF,2328.5
CRM-10340,Ryan,Marshall,1949-08-13,"Flat 17
Fletcher Trace",Geraldport,G9C 1SW,1560.69
CRM-10341,Wendy,Taylor,1960-04-14,"Studio 4
Anne Street",East Toby,PA39 9AS,3986.96
CRM-10342,Samuel,Thomas,1977-08-02,86 Barker Square,South Oliviabury,B6 2QN,1176.6
CRM-10343,Shane,Miah,1951-09-25,42 Taylor Summit,South Gillianberg,JE2N 0DR,167.14
CRM-10344,Hollie,Ross,1947-10-14,"Studio 4
Lydia Common",Williamhaven,HX0B 5TZ,1005.99
CRM-10345,Simon,Owen,1957-06-26,325 Sheila Crescent,Rahmanshire,DL3N 4WS,1674.9
CRM-10346,Martyn,Holloway,1970-12-05,"Studio 7
Pauline Station",Alisonstad,SM1H 1DR,4328.55
CRM-10347,Antony,Barber,1950-10-17,4 Bethan Drive,Hayesborough,B4G 7QS,4836.1
CRM-10348,Louise,Rahman,1947-01-07,"Flat 10
Maria Rue",Victoriashire,SA5 9WX,1431.67
CRM-10349,Louise,Murphy,1984-02-28,24 Pamela Landing,Anthonyberg,GL7 9GX,3225.33
CRM-10350,Mitchell,Clayton,1957-06-28,3 Luke Island,South Elliot,DE3 5QF,2028.41
CRM-10351,Christine,Parkin,1956-08-15,"Flat 0
Begum Trafficway",South Stanley,B88 4UN,4906.69
CRM-10352,Marion,King,1999-12-20,"Flat 17c
Josephine Plaza",West Peterfurt,L7F 5BZ,2704.27
CRM-10353,Jemma,Chapman,1981-05-19,30 Shannon Vista,Daviesland,S3H 9ZW,4699.22
CRM-10354,William,Walker,1970-02-16,"Flat 65
Patel Haven",Bruceport,WR81 7ST,620.94
CRM-10355,Gerard,O'Brien,1995-02-05,"Studio 62L
Gareth Fords",Alicehaven,BR9 1AS,4853.48
CRM-10356,Ruth,Austin,1973-10-06,792 Christian Village,Harrisfort,M9 7XT,933.91
CRM-10357,Francis,Payne,1945-09-21,47 Hilary Shores,Helenburgh,SM30 4UD,4814.54
CRM-10358,June,Morris,1985-02-05,"Studio 64
Simpson Viaduct",West Sallyshire,M2 2PT,1364.06
CRM-10359,Hazel,Kirk,1956-09-02,56 Parker Highway,New Gordonburgh,G8 5NL,586.59
CRM-10360,Lydia,Harrison,1970-03-24,952 Ashley Path,Christinefort,HR21 2WJ,2201.09
CRM-10361,Roy,James,1983-07-29,71 Wayne Brook,Godfreystad,W98 2NA,3656.3
CRM-10362,Terence,Morton,2003-11-12,342 Callum Common,Marshallville,B7 0HE,1602.7
CRM-10363,Ryan,James,1980-07-01,14 Gary Hollow,Port Lewisville,L9D 5AD,3050.73
CRM-10364,Jacob,Baker,1964-06-07,"Flat 28X
Leanne Port",North Rosemarytown,L3E 8AE,2581.54
CRM-10365,Allan,Wall,2003-06-28,"Flat 92C
Jeremy Village",Jessicachester,L61 1TE,1956.72
CRM-10366,Maria,Kirk,1997-06-06,"Studio 48U
Jake Islands",Clarkport,PH47 8SN,2904.11
CRM-10367,Anne,Barrett,1950-04-18,"Studio 52a
Davies Locks",Norrisland,G6 9EG,1310.88
CRM-10368,Gary,Evans,1959-02-08,"Flat 96
Donald Villages",Woodview,TD9W 6QU,3558.49
CRM-10369,Dorothy,Gibbs,1973-01-29,"Studio 42
Griffiths Glen",Stephensonberg,E0 7AG,58.37
CRM-10370,Margaret,Butler,1967-10-22,99 Martin Shore,Jamesborough,SE7 8LX,4631.6
CRM-10371,Glenn,Barker,1982-05-04,6 Jacqueline Mission,Nicolamouth,BD02 2US,2715.34
CRM-10372,Aaron,Webster,1972-01-13,"Flat 9
Knowles Spur",Jonesburgh,B6E 9RZ,3611.18
CRM-10373,Sian,Parsons,1964-11-29,"Flat 0
Scott Villages",Damienshire,N6 6QQ,3722.65
CRM-10374,Victoria,Parsons,1990-07-22,3 Wright Spurs,Port Stewartville,DA0 0TS,3369.61
CRM-10375,Kirsty,Lewis,1974-03-21,"Flat 7
Elliott Lane",Stanleyville,CB35 8PG,1852.9
CRM-10376,Jayne,Burns,1975-03-24,18 Gerard Greens,West Marionfurt,E91 4DY,396.37
CRM-10377,Melanie,Jones,1959-10-31,"Flat 4
Williams Plains",Marcchester,EN98 8GA,3337.98
CRM-10378,Teresa,Campbell,2004-04-06,737 Cross Place,McDonaldton,L5H 3FN,1684.49
CRM-10379,Tracy,Craig,2004-02-04,364 Willis Glens,South Shane,G3 3NT,1603.88
CRM-10380,Danielle,Moore,1975-03-28,"Studio 03k
Khan Green",Katyside,B70 1PZ,4247.68
CRM-10381,Joel,Taylor,2006-11-03,"Flat 16U
Damian Creek",New Rosieshire,M7B 9EP,3612.78
CRM-10382,Hugh,Lee,1995-09-23,"Studio 36n
Kenneth Extensions",West Chloe,EN90 8QE,1536.6
CRM-10383,Elliott,Kaur,1977-11-14,25 Edwards View,Michaelton,SE0Y 4XR,1580.96
CRM-10384,Dylan,Dawson,1993-03-26,"Studio 18p
McCarthy Lock",Joshland,M32 5SB,2071.54
CRM-10385,Henry,Taylor,2001-07-29,"Studio 6
Edwards Wells",Port Shaunview,E5G 7AB,2041.88
CRM-10386,Jemma,Hart,1988-06-09,"Studio 20z
Teresa Inlet",Beverleyland,G3 9SP,1513.49
CRM-10387,Alison,Jones,1995-08-02,29 Roberts Flat,South Lauraburgh,WS69 0AX,680.07
CRM-10388,Eileen,Blackburn,1961-02-13,34 Adam Locks,Fosterberg,N2 0WS,2131.21
CRM-10389,Sandra,Mason,1979-03-09,3 Vincent Heights,Palmerchester,L43 2SF,4704.8
CRM-10390,Matthew,Harris,1963-05-17,735 Cunningham Mountains,Port Brandon,IV3Y 6ZL,3402.72
CRM-10391,Liam,Green,1949-07-22,37 Turner Skyway,North Howardhaven,S4G 2XB,4518.89
CRM-10392,Kimberley,Gardner,1957-02-12,"Flat 72f
Ellis Meadows",West Connor,BH2 4QS,3096.8
CRM-10393,Lawrence,Poole,1963-06-21,"Studio 56
Guy Street",Millerberg,W0D 0JG,1539.7
CRM-10394,Alan,Jones,1956-09-08,"Studio 1
Thomas Knolls",Murphyville,WN2B 1HN,2762.29
CRM-10395,Jeremy,Lee,1996-08-03,"Studio 93
Kerry Trafficway",South Martin,W15 4ER,52.01
CRM-10396,Karen,Wright,1952-10-10,"Flat 01
Holden Shoals",Priceview,B5A 5YF,1470.22
CRM-10397,Phillip,Taylor,2000-02-07,"Flat 01J
Green Glens",East Tracey,B3 6RN,2177.95
CRM-10398,Eileen,Mitchell,1990-01-24,4 Roberts Street,Lydiaberg,SG1 8HU,2920.92
CRM-10399,Katie,Young,1977-12-23,"Studio 96
Mary Valleys",Jayneburgh,RG61 8PT,3290.79
CRM-10400,Sian,Wilson,1992-04-03,88 Gregory Mountain,Hooperfort,CV2 3WS,2351.69
CRM-10401,Bryan,Pearce,1983-01-20,8 Denise Manors,Greenshire,HU4 8AE,2238.69
CRM-10402,Irene,Hall,1999-01-21,01 Hawkins Hills,Katemouth,LD9M 2HG,1107.82
CRM-10403,Jason,Morris,1986-08-30,"Studio 16I
Christopher Locks",North Ronaldfort,SM69 4ZZ,2392.27
CRM-10404,Rebecca,Marshall,1992-07-13,"Flat 12i
Karl Creek",Lake Roytown,W23 8HD,4510.85
CRM-10405,Josh,Moran,1955-08-22,"Studio 0
Mohammed Drives",Robsonfort,W9 3NY,3990.32
CRM-10406,Deborah,Bentley,1946-02-03,667 Sims Locks,Lewisfort,B80 9PX,889.97
CRM-10407,Philip,Phillips,1989-09-03,"Studio 1
Johnson Rue",Lucychester,G4 7QT,469.74
CRM-10408,Dale,Buckley,1985-07-19,"Studio 72
Wood Loaf",Leestad,TR29 4DU,2601.49
CRM-10409,Callum,Lord,1956-03-12,"Flat 6
Rogers Fords",North Sarahview,SK2 8BD,3183.06
CRM-10410,Tom,Crawford,1987-08-01,8 Holly Green,Owenton,M2W 0TT,1709.18
CRM-10411,Jamie,Simpson,1998-10-01,081 Harriet Crest,West Charles,GY7V 1FQ,4101.2
CRM-10412,Albert,Little,1953-12-04,60 Elaine Junctions,Leanneburgh,M5 5JF,3768.13
CRM-10413,Melanie,Oliver,1961-01-31,66 Watson Path,Robertmouth,B81 5PR,3380.34
CRM-10414,Roger,Williams,1972-04-26,290 Burton Springs,Terrystad,M8 6TH,1161.97
CRM-10415,Paige,Johnson,1987-08-17,"Studio 56X
Josh Corner",New Albertfurt,SR2V 3DW,1035.69
CRM-10416,Lynn,Webster,1968-09-28,0 Smith Trail,Maryhaven,B5 8QE,170.91
CRM-10417,Anthony,Peacock,1954-01-17,"Flat 90D
Robinson Valley",West Clifford,SG9 6WJ,1261.97
CRM-10418,Stuart,Mills,1985-03-09,71 Diane Village,Reeveston,WV27 7DQ,2401.92
CRM-10419,Sian,Hill,1985-08-02,"Flat 97O
Turner Spurs",Chandlerchester,G82 7FW,4256.2
CRM-10420,Debra,Hardy,1960-01-11,"Studio 0
Yvonne Land",New Michelleville,N9 0WF,410.5
CRM-10421,Terence,Hyde,1971-01-15,"Flat 70Y
Patrick Tunnel",Parkerport,DN2 0EX,2101.48
CRM-10422,Damien,Townsend,1948-08-06,"Studio 9
Armstrong Junction",Jonesberg,W77 5DZ,3167.34
CRM-10423,Rosie,Johnson,1971-11-28,58 Vanessa Mills,Leahland,B94 8DH,1012.45
CRM-10424,Marian,Freeman,1997-02-10,837 Trevor Shoals,North Henry,L97 8ZP,3496.95
CRM-10425,Joanne,Fox,1979-01-01,62 Jennings Pines,Margaretview,E1 4FG,2497.17
CRM-10426,Conor,Read,1956-01-20,"Studio 2
Jayne Islands",North Kevin,IP1 2SP,1257.72
CRM-10427,Garry,Patel,2001-11-19,3 Jodie Radial,South Natasha,S1E 5TX,3297.49
CRM-10428,Jane,Collins,1947-07-11,"Studio 30r
Louis Track",West Kirsty,LD18 2QX,77.45
CRM-10429,Leslie,Gill,1982-02-19,"Studio 70
Gillian Village",Hilaryburgh,B7 9LR,3767.27
CRM-10430,Bruce,Gray,1960-01-14,"Flat 2
Clifford Corners",Harrisonberg,NW4P 9WP,3861.73
CRM-10431,Jill,Harding,1988-10-12,"Studio 74p
Cook Mount",Andrewberg,AB9R 0GS,577.61
CRM-10432,Suzanne,Bowen,1993-06-01,"Studio 8
Francesca Run",New Robertmouth,CM5P 6GA,2154.47
CRM-10433,Harry,Hall,1958-09-09,"Flat 3
Leonard Springs",Alexland,M3D 5BL,920.64
CRM-10434,Valerie,Franklin,1993-08-31,3 Griffiths Harbors,Thompsonborough,ST9X 1YF,4791.93
CRM-10435,Gary,Clarke,1984-05-04,430 Davies Motorway,South Jemmaton,KY6 1WT,2613.89
CRM-10436,Olivia,Evans,1997-03-17,304 Kent Island,South Gordonmouth,B3 1JH,298.58
CRM-10437,Roger,Mills,1949-10-31,7 Mann Ramp,Tonybury,W3 0PW,1283.53
CRM-10438,Frank,Curtis,1998-05-07,"Flat 7
Graham Circle",South Terryland,B70 9SD,4249.26
CRM-10439,Timothy,Davies,1983-08-13,66 Marian Terrace,Barnestown,IP76 5AT,2309.49
CRM-10440,Georgia,Mills,1958-08-28,0 Jenna Turnpike,New Malcolm,ML4N 7ZT,4017.01
CRM-10441,Christian,Smith,1999-10-18,2 Jackson Passage,Graemeshire,G2H 9PN,3354.51
CRM-10442,Laura,Morgan,1980-10-14,3 Mary Key,East Ruth,E53 7ZP,4940.07
CRM-10443,Rosemary,Sullivan,1968-05-25,"Studio 5
Stuart Motorway",South Geraldtown,DT3R 3UP,2997.49
CRM-10444,Nicola,Martin,1958-02-04,01 Holland Crescent,West Chloe,N00 3NG,4752.7
CRM-10445,Gerald,Young,1994-06-22,83 Dominic Brooks,Port Marcus,B2 1PH,4462.56
CRM-10446,Stewart,Murphy,1970-09-17,"Studio 28Z
Shaw Circles",East Callumborough,S55 3BZ,3082.63
CRM-10447,Kate,Barrett,1981-12-30,"Flat 53
Harriet Underpass",Malcolmhaven,W3T 7ZD,3610.41
CRM-10448,Mohammed,Buckley,1996-09-06,"Studio 8
Gardner Station",Kerryfort,ME7M 9BH,2548.65
CRM-10449,Gerald,Bowen,1976-04-27,34 Gregory Ports,Port Karen,NR1 1NT,4161.32
CRM-10450,Maureen,Parsons,1985-04-18,89 Pickering Mountain,Hansonfort,FK6 2TJ,2761.97
CRM-10451,Arthur,Berry,1969-12-29,88 Martyn Forks,North Stevenstad,L5 5LN,4491.18
CRM-10452,Jill,Brady,1958-07-13,840 Bird Key,Hardingshire,AL7X 6JJ,3731.09
CRM-10453,Rhys,Jones,1980-08-28,"Studio 75Y
Terry Vista",South Amelia,DL77 5FY,2399.64
CRM-10454,Scott,Rogers,1995-10-07,55 Samantha Manors,Carterside,HG9 9BF,1333.0
CRM-10455,Carl,Stewart,1968-01-12,"Studio 3
Collins Lights",South Raymond,OL7 1GE,1273.84
CRM-10456,Frances,Fisher,1947-09-27,"Flat 2
Brian Lights",Russellbury,SE8 7BQ,3206.42
CRM-10457,Maureen,Brown,1967-10-17,"Studio 2
Callum Plain",Jonesland,ZE32 4SU,3840.78
CRM-10458,Sam,Butler,1966-09-03,743 Gareth Mission,Port Traceybury,N9H 7YB,2630.43
CRM-10459,George,Hussain,2005-07-05,"Flat 46N
Elizabeth Gateway",New Ann,IP29 6BJ,3152.4
CRM-10460,Charles,Robertson,1988-04-19,"Studio 13F
Chambers Plaza",West Martinville,N6H 4HW,1409.26
CRM-10461,Samuel,Hall,1950-07-16,"Studio 5
Davis Locks",North Tonyville,CR5X 7TD,433.54
CRM-10462,Jake,Parry,1962-01-17,"Flat 74
Ronald Villages",New Oliverburgh,CM8 2DA,1464.35
CRM-10463,Sian,Robertson,1975-07-18,"Flat 30
Angela Square",Port Heatherhaven,SE1P 7BZ,1394.99
CRM-10464,Christopher,Parker,1971-03-29,5 Marc Course,South Matthewtown,UB3 3EG,1632.56
CRM-10465,Mohammed,Thomas,1980-06-07,58 Sara Fords,Singhville,L15 2AR,2723.75
CRM-10466,Hilary,Saunders,1972-01-16,31 Brooks Land,North Charliechester,TD9 1XY,734.95
CRM-10467,Ronald,Smith,1952-01-02,"Studio 62v
Heather Trace",Dorothyfort,N0 6WJ,1194.74
CRM-10468,Stephanie,Fox,1946-06-18,9 Dylan Freeway,Peacockland,G5 4HF,3485.05
CRM-10469,Nicola,Martin,1948-02-20,975 Ricky Island,New Elizabethport,L5 3HX,3546.77
CRM-10470,Alexander,Walker,1990-10-23,396 Akhtar Roads,North Abigailland,B23 1GY,367.93
CRM-10471,Georgina,Holden,1959-06-19,167 O'Brien Flat,South Edward,L4E 3LU,2067.62
CRM-10472,Jason,Watson,1970-01-10,"Studio 2
Williams Parkways",Carterfort,S6 4ZX,2735.93
CRM-10473,Carl,Fisher,1957-07-07,"Studio 7
Price Lane",Hammondberg,LN3E 0AW,2108.08
CRM-10474,Karen,Hughes,2008-07-20,"Studio 5
Jones Row",South Ianville,OL23 4QW,1073.83
CRM-10475,Carolyn,Jones,1992-05-29,"Studio 06B
Norman Neck",Port Lindatown,SG2M 2LJ,2129.71
CRM-10476,Mandy,Whitehead,1990-08-25,1 Carly Station,Simmonsshire,L6 6LN,4528.95
CRM-10477,Donna,Morgan,1990-05-14,"Studio 46
Raymond Roads",Garethview,DL6Y 0GU,2941.19
CRM-10478,David,Glover,1998-03-18,"Studio 64
Thompson Landing",Lake Aaron,W28 7YH,3492.84
CRM-10479,Christian,Thorpe,1996-08-03,4 Williams Road,Port Heatherburgh,M1 1LD,4290.82
CRM-10480,Glenn,Holland,1961-07-14,"Studio 1
Benjamin Grove",Lake Caroleton,L8 6ZW,3839.69
CRM-10481,Vincent,Begum,1977-10-05,"Studio 65
Richardson Junctions",Shanestad,JE6W 5PE,1932.89
CRM-10482,Paul,Murphy,1993-01-28,"Studio 20M
Melanie Harbors",West Alison,W8G 0PA,79.19
CRM-10483,Ashleigh,Evans,1948-09-02,"Studio 73M
Matthews Ridge",West Annefort,WF1Y 4ZH,1791.21
CRM-10484,Gareth,Taylor,2005-03-08,7 Josh Village,Thompsonmouth,W8 3HG,3779.7
CRM-10485,Katy,Harrison,1952-09-25,"Studio 02u
Miller Forges",Rosiefort,CM2V 1PJ,4274.57
CRM-10486,Beverley,Miller,1986-06-07,566 Mann Fork,Connorport,E1 9HE,4769.48
CRM-10487,Marion,Owen,2003-08-17,"Studio 9
Graeme Circle",Port Charlotte,HD52 1RA,2124.16
CRM-10488,Shannon,Davis,1967-01-21,37 Kennedy Haven,Lake Rosie,BD9N 8EL,3750.2
CRM-10489,Diana,Allen,1988-07-02,46 Brett Drives,Port Eric,ST0E 6NG,2753.35
CRM-10490,Daniel,French,1968-07-08,"Studio 75W
Dickinson Pines",Lawrenceborough,WF8P 2PY,3036.1
CRM-10491,Alexander,Baker,1993-11-04,"Studio 2
Angela Square",Harrisberg,L30 9EF,1141.67
CRM-10492,Nicola,Watson,1974-08-15,1 Simpson Fall,North Katherinemouth,S2S 3BE,1136.14
CRM-10493,Cameron,Frost,1966-02-26,617 White Shoal,Owenville,E1 8JA,2207.39
CRM-10494,Kate,Allen,1984-07-10,"Flat 19l
Jones Rue",Burnsberg,N1 6AR,193.67
CRM-10495,Suzanne,Warren,1998-11-15,"Flat 8
Gavin Shoals",East Juneburgh,W5 0FY,1713.84
CRM-10496,Russell,Riley,1951-07-14,"Flat 1
Kathleen Hills",Paigeburgh,SE03 0WN,3411.75
CRM-10497,Katy,Wilkinson,1955-01-28,"Studio 58w
Charlene Courts",East Alanborough,M32 9QL,2051.37
CRM-10498,Scott,Briggs,1974-04-11,446 Tracey Motorway,West Sianchester,CT8H 4HQ,866.97
CRM-10499,Lynne,Moss,2001-05-23,25 Lamb Rapids,North Mathew,E8 1PD,2363.58
CRM-10500,Linda,Walker,1998-07-04,"Flat 34
Nigel Lane",South Stuart,G8 9UE,681.76
CRM-10501,Debra,Stone,1984-06-29,"Studio 49
Anthony Extension",Janetburgh,TS8 7YF,3130.17
CRM-10502,Garry,Potts,1980-07-03,226 Manning Stream,Lindseybury,PL6Y 2TQ,183.48
CRM-10503,Jade,Kerr,1964-04-29,"Studio 34
Stewart Lodge",Georgeland,L1 9BD,2000.4
CRM-10504,Mitchell,Naylor,1979-02-04,82 Stephenson Spur,South Stephenborough,AB6Y 3WZ,2843.74
CRM-10505,Luke,Jenkins,1957-01-09,1 Bryant Passage,Leechester,IM25 5JX,184.16
CRM-10506,Terence,Harris,1978-06-08,"Flat 30V
Lloyd Inlet",South Marianfort,N0 5NQ,3231.61
CRM-10507,Kenneth,Burgess,2006-02-18,50 Sharon Overpass,North Debra,G6B 0FL,721.71
CRM-10508,Eric,Jones,1971-01-11,"Flat 62I
Griffiths Mill",Wadestad,KY0N 1HN,2335.41
CRM-10509,Simon,Browne,1974-03-18,"Flat 2
Catherine Shores",Terencechester,NR72 6WR,298.91
CRM-10510,Wayne,Griffiths,1952-11-24,2 Knight Trafficway,North Josephine,KW9 6UN,1926.56
CRM-10511,Lawrence,Jones,1997-05-03,"Flat 92
Frederick Harbors",Port Marcusbury,UB6H 1WZ,1097.72
CRM-10512,Jeremy,Barrett,2003-09-24,1 Joanne Camp,Alexberg,BA93 0RS,1667.89
CRM-10513,Judith,Rogers,1988-08-27,5 Jones Pass,Grahamport,M5 5SJ,3818.09
CRM-10514,Stanley,Bowen,1957-12-04,0 Kelly Mountains,Lyndaville,DE47 5NE,1926.67
CRM-10515,Lewis,King,1992-01-13,55 Smith Harbor,New Jacqueline,E2 0YH,3772.45
CRM-10516,Alex,Cole,2008-07-15,8 Atkins Mountains,New Carl,G3 8LX,4168.03
CRM-10517,Denis,Bowen,1976-01-29,17 Barry Parkway,East Juneview,CO4A 3RU,1298.74
CRM-10518,Lydia,Kent,1980-07-01,7 Moore Loaf,Jenkinsborough,B29 9AW,455.44
CRM-10519,Caroline,Heath,1994-08-05,"Flat 34T
Fisher Extension",North Eleanor,M02 2LB,145.95
CRM-10520,Jemma,Robinson,2001-08-03,105 Duncan Squares,Aaronchester,M5A 5JL,2720.12
CRM-10521,Edward,Smith,1946-08-15,649 Angela Forges,Maxborough,S2H 6QF,4999.54
CRM-10522,Catherine,Green,1957-11-28,"Flat 23
Curtis Falls",Michaelport,G69 1FD,1782.3
CRM-10523,Rachel,Smith,2007-06-04,"Flat 8
James Rapids",South Jacquelinetown,B0 3DL,3268.21
CRM-10524,Gareth,Singh,1986-05-13,1 Davis Corner,East Catherine,W2E 7FJ,3917.1
CRM-10525,William,Dunn,1963-10-04,0 Paige Hill,New Elizabethberg,L0 6RF,3276.19
CRM-10526,Jay,Lynch,1960-12-05,"Studio 17k
Francis Cove",Susanland,N1F 0ZF,3783.45
CRM-10527,Antony,Rowe,1968-05-05,624 Stone Cove,Dawnstad,TS1 2FP,4750.58
CRM-10528,Sean,Dickinson,1994-08-24,"Flat 1
Schofield Harbors",North Brandon,G65 7SU,1036.84
CRM-10529,Annette,Page,1986-07-04,"Flat 36
Parry Plain",Kentbury,BT96 1JQ,150.88
CRM-10530,Paul,Martin,2003-06-10,87 Jamie Circle,Rebeccaberg,LE2 3HJ,804.29
CRM-10531,William,Morris,1953-07-14,06 Collier Coves,South Marilynburgh,G5 1JD,674.79
CRM-10532,James,Pearce,2000-12-05,"Flat 27
Debra Square",Paulinechester,HR7X 4EF,3363.82
CRM-10533,Darren,Wallace,1947-09-29,206 Davies Wells,Naylorview,M3G 4DW,2841.65
CRM-10534,Gemma,Stewart,1954-01-27,90 Deborah Ferry,Port Hazelmouth,HD66 0QS,1128.92
CRM-10535,Gordon,Dixon,1952-08-29,95 Shane Haven,New Kenneth,L9 4HX,3512.35
CRM-10536,Reece,Dawson,1947-10-05,19 Lynne Turnpike,Thomasmouth,M0 4RW,3846.15
CRM-10537,Gordon,McLean,1972-02-21,"Flat 15
Wheeler Parkway",New Kierantown,S7K 4GF,880.56
CRM-10538,Jill,Hall,2005-10-17,332 Donna Path,Lucyberg,GY5 0RJ,3055.88
CRM-10539,Gavin,Turner,1986-11-09,9 Gibson Bridge,Port Dylan,E7B 5GN,3752.23
CRM-10540,Shaun,Townsend,1984-10-15,"Flat 11l
Smith Mountains",Angelaberg,W0 4RS,616.94
CRM-10541,Jasmine,Bell,1954-05-02,"Flat 89u
Barlow Loop",Smithton,B3T 2EN,4105.54
CRM-10542,Nicola,Steele,1972-09-23,6 King Keys,Jonesside,CF12 6SH,4825.37
CRM-10543,Joanne,Mills,1967-02-24,"Studio 73
Clark Motorway",New Deanfort,L59 9RB,585.09
CRM-10544,Linda,Pearson,1977-10-09,3 Lydia Manors,Howardburgh,G1 6DN,177.11
CRM-10545,Alison,Carr,1981-04-08,420 Anne Junctions,Rogerborough,KT7 8GS,1594.19
CRM-10546,Owen,Walker,1984-05-14,"Flat 8
Martin Stream",West Rosie,SW5A 7FU,3402.87
CRM-10547,Elliott,Clark,1991-06-03,"Flat 80C
Ashleigh Mission",North Charlieborough,SN82 3QH,4792.96
CRM-10548,Karl,Page,1984-10-23,50 Wheeler Parkway,Lake Dawnmouth,KA55 8PE,2013.44
CRM-10549,Edward,Hale,1970-12-12,928 Palmer Vista,Thomsonville,E1 9SE,3589.32
CRM-10550,Jean,Banks,1988-01-04,789 Dorothy Highway,Kellymouth,S1D 1QT,426.18
CRM-10551,Amy,Walker,1989-06-10,"Flat 5
Kathleen Haven",Katyview,WC6 0SB,3468.54
CRM-10552,Stephen,Payne,1999-05-09,"Studio 95
Thompson Ports",Smithfurt,S09 2RG,3154.85
CRM-10553,Sophie,Cooke,1980-10-03,31 Leanne Crest,Wattsview,G5D 1AS,554.41
CRM-10554,Mark,Johnson,1985-12-06,9 Alexandra Light,Lake Callummouth,RG5E 3NH,3873.78
CRM-10555,Paula,Gray,1994-12-25,"Flat 04f
Teresa Brooks",North Kellyville,G4 2DD,4258.95
CRM-10556,Olivia,Watts,2007-09-01,17 Amy Cliffs,Schofieldland,S65 2GN,3022.04
CRM-10557,Mark,Cooke,1990-06-13,5 Jones Ridges,East Zoeview,L9 8AW,649.22
CRM-10558,Sally,Carter,1960-04-11,"Flat 3
Toby Dam",North Hazel,M47 1QX,4920.03
CRM-10559,Naomi,Harris,1996-04-07,"Studio 8
Preston Glen",East Joyce,FY6B 2HU,3924.04
CRM-10560,Ann,Young,1974-05-24,"Flat 91M
Mahmood Port",Karenland,DA08 9SN,1768.66
CRM-10561,Rachael,Mason,1989-06-15,"Studio 0
Jeremy Valleys",Anneburgh,EH1 5QF,2170.47
CRM-10562,Terry,Blake,1967-03-28,537 Sutton Points,South Glenborough,L1J 9DY,1884.33
CRM-10563,Leah,Oliver,1997-01-06,"Flat 53m
Valerie Parks",West Emilyville,W2 9RJ,2554.51
CRM-10564,Melissa,Brown,1946-10-09,42 Sims Place,West Leahtown,W1 4LP,1739.09
CRM-10565,Denis,Matthews,1983-06-04,"Studio 9
Lisa Hills",Hughesville,PR1 3BA,4255.4
CRM-10566,Bradley,Webb,1967-07-12,"Flat 21
Laura Via",Lake Leeview,E0 1LP,4120.54
CRM-10567,Charlene,Osborne,2000-11-05,"Flat 22L
Baldwin Island",Port Fiona,RH71 9UU,572.42
CRM-10568,Leonard,Storey,1995-04-17,"Flat 14
Ellis Knoll",Lake Eileen,WF3Y 1UB,4805.9
CRM-10569,Phillip,Brown,1960-04-07,"Studio 3
Webb Fords",Graememouth,CV8B 3QR,3196.15
CRM-10570,Alison,Taylor,1980-07-01,31 Davison Spur,Melissaville,W11 0TG,4152.1
CRM-10571,Vincent,Day,1990-08-07,"Flat 41J
Owen Meadows",East Patricia,S8F 7LQ,3551.18
CRM-10572,Nigel,Parker,1971-08-03,"Flat 43
Noble Harbor",Joyceville,BL3B 1BB,2205.66
CRM-10573,Beverley,Phillips,1950-01-14,39 Gilbert Courts,Lake Hazel,ME3 3QN,3682.29
CRM-10574,Diana,Anderson,1995-07-01,2 Cox Walk,East Guy,BR2E 7FA,4829.09
CRM-10575,Dorothy,Jones,1968-04-15,4 Ronald Springs,New Jayfort,B7W 7EB,1386.91
CRM-10576,Andrew,Swift,1965-05-03,822 Oliver Hollow,Alisonfort,HS8M 4QT,4050.59
CRM-10577,James,Mason,1966-01-18,"Studio 97
Mathew Spur",East Victoriabury,CT5R 3YS,2713.96
CRM-10578,Rebecca,Martin,1951-08-19,14 Scott Wells,West Josephine,WV5 9SL,2443.31
CRM-10579,Dylan,Bates,1984-12-28,"Studio 16
Sullivan Turnpike",Gerardville,W2 2WN,2206.09
CRM-10580,Sara,Doherty,1956-08-15,"Studio 4
Billy Bridge",Thomasport,E0H 0SQ,3668.58
CRM-10581,Irene,Lee,1948-12-14,"Flat 54
Nicholas Station",Garethborough,PA14 0UQ,1378.56
CRM-10582,Frederick,Barker,1988-11-27,"Studio 6
Elliot Hollow",Kyleshire,SK59 3LF,4265.98
CRM-10583,Helen,Naylor,1966-01-16,"Flat 4
Kaur Lane",Greenhaven,SM58 7QS,4162.12
CRM-10584,Natalie,Burton,1973-06-23,"Flat 8
Emily Corners",New Josh,N29 0RF,478.98
CRM-10585,Sophie,Davies,1977-01-19,"Flat 1
Mathew Village",West Marilynville,OL7 0EY,4414.07
CRM-10586,Frances,Lewis,1994-05-06,382 Khan Spring,West Teresa,SR0 9HE,1257.12
CRM-10587,Joseph,Savage,1986-08-24,133 Elaine Burg,Dickinsonville,JE7 3XL,2350.31
CRM-10588,Molly,Davies,2004-01-13,20 Patrick Viaduct,East Denise,SN8H 7NN,3071.14
CRM-10589,Dorothy,Spencer,1985-08-15,"Flat 46y
Gillian Mall",Kennedyport,CM96 9NB,1926.0
CRM-10590,Leah,Brooks,1990-04-12,"Flat 5
Jade Stream",Whiteburgh,MK8 5WR,192.06
CRM-10591,Sally,Farmer,1990-03-11,95 Edwards Turnpike,West Katy,IV1 6UZ,4262.22
CRM-10592,Katy,Gardner,1993-10-08,"Flat 59
Jackson Village",Townsendtown,CW3B 7UP,950.11
CRM-10593,Dale,Robinson,2000-07-30,2 Davey Manor,North Mollyview,B1 5ZA,1099.99
CRM-10594,Clive,Potter,1993-02-07,"Studio 2
Dominic Glen",Williamsport,L26 1YA,3999.27
CRM-10595,Harriet,Hunt,1952-02-08,2 Rebecca Trail,Pearceland,DE8 3HY,1734.68
CRM-10596,Elaine,Knight,1969-10-25,7 Johnson Well,New Jasonberg,M1B 3BZ,4407.58
CRM-10597,Sheila,Butcher,1960-10-20,"Flat 65e
Gerard Club",Port Maureen,M6K 8EY,3520.86
CRM-10598,Megan,Cross,1963-06-17,5 Smith Isle,East Dennisside,HP0H 1YZ,1417.53
CRM-10599,Rita,Lee,2000-07-04,16 Lynn Neck,West Luke,B7 5SU,100.25
CRM-10600,Leon,Porter,2005-03-14,0 Dominic Place,Richardsontown,W0G 2SS,4742.91
CRM-10601,Georgina,Khan,1975-05-12,553 Williams Centers,East Colin,B3G 0JB,473.78
CRM-10602,Martin,George,1975-05-27,05 Foster Gardens,Callumfurt,SE11 4XH,3614.37
CRM-10603,Olivia,Cole,2000-11-28,"Flat 74
Porter Highway",New Vincent,SN8 0QS,2468.46
CRM-10604,Diana,Watson,1978-08-23,"Flat 3
Maria Fort",Andreaborough,N2 3TT,3802.92
CRM-10605,Geoffrey,Brown,2002-06-20,49 Hodgson Corner,West Kathrynfurt,BA66 0JH,3468.52
CRM-10606,Jessica,Gallagher,1974-11-22,408 Cross Rest,Marcusshire,B59 6BE,3247.22
CRM-10607,Andrea,McCarthy,1994-08-22,"Studio 76
Marsden Light",Morrisbury,B44 3XN,2479.57
CRM-10608,Tom,Bradshaw,1948-03-08,"Flat 44Y
Harry Inlet",Arthurburgh,LL07 7BQ,3975.02
CRM-10609,Catherine,Todd,1983-06-08,09 Martyn Ridge,Philipmouth,M44 2JG,510.61
CRM-10610,Sean,Carr,1990-03-13,1 Jeffrey Spur,Jacksonton,L0T 4AQ,1146.9
CRM-10611,Sheila,Edwards,1986-06-05,11 Clark Club,East Victor,N6B 4FA,3474.35
CRM-10612,Toby,Jenkins,1970-01-27,"Studio 5
Hewitt Hill",East Lauraton,CV9 1ZH,1565.72
CRM-10613,Terry,Lewis,1998-09-11,"Flat 69
Sylvia Stream",South Francesca,E3 8EW,2928.7
CRM-10614,Lee,Jenkins,1990-06-01,"Flat 43K
Walker Isle",Port Linda,W51 7SQ,2392.64
CRM-10615,Jason,Parsons,1979-12-19,79 Lucy Turnpike,Wilsonberg,L6S 9LN,2678.06
CRM-10616,Maurice,Sinclair,1951-02-07,"Studio 8
Beverley Park",East Sandra,G1 4XU,2156.24
CRM-10617,Oliver,Clarke,1947-11-16,"Flat 2
Wayne Passage",Cookestad,S83 1PP,3742.38
CRM-10618,Marie,Jenkins,1952-11-21,5 Walker Roads,Coxchester,SY7 2YW,1687.42
CRM-10619,Jake,Wyatt,1946-02-01,"Studio 76u
Williamson Stravenue",Lewisbury,ME5 9WW,3529.13
CRM-10620,Rosemary,Buckley,1974-08-05,"Flat 65W
Gareth Canyon",South Maureen,OX9 1QN,1391.04
CRM-10621,Roger,Iqbal,1964-03-11,"Studio 3
Gerard Green",East Dorothyview,E38 0ZB,1294.45
CRM-10622,Sheila,Powell,1958-11-02,05 Lawrence Ports,Chandlerhaven,W41 7SU,647.25
CRM-10623,Marcus,Hopkins,1954-11-13,"Studio 15Z
Ross Stream",West Charleshaven,FY7 5BS,1003.29
CRM-10624,Oliver,Begum,1999-08-08,"Flat 80
Duncan Dam",Carrbury,DH4R 7GU,641.8
CRM-10625,Lawrence,Clarke,1988-10-02,306 Abigail Point,Lake Antony,S4 9JQ,2702.53
CRM-10626,Pamela,Hill,1957-10-23,"Flat 47
Roberts Lock",Paigefort,CB3 4ST,3822.84
CRM-10627,Victor,Smith,1974-06-21,7 Benson Key,Colefort,PH63 4LW,966.49
CRM-10628,Robin,Ball,1998-10-30,"Flat 8
Smith Island",Dickinsonmouth,JE40 7JP,1121.1
CRM-10629,Heather,Summers,1966-07-21,"Studio 3
Paula Ford",New Kathrynmouth,B06 5QX,2446.78
CRM-10630,Philip,Waters,1980-11-07,83 Paula Locks,West Shaun,HP6 8JA,3636.7
CRM-10631,Alan,Brady,1996-12-10,670 Lawrence Hollow,East Juliabury,M1 6FL,4884.2
CRM-10632,Graham,Hamilton,1979-11-21,"Flat 0
Neil Street",Chamberlainport,KW8 4LT,2646.95
CRM-10633,Reece,Spencer,1990-03-15,"Studio 4
Green Lodge",Pamelaport,NN8H 0UR,1450.84
CRM-10634,Christine,Carter,1994-03-08,39 Patricia Trail,South Lauren,OL14 2DE,547.6
CRM-10635,Chelsea,Thompson,2004-05-29,"Studio 31
Sophie Ridges",Norrisshire,B74 4PF,1010.88
CRM-10636,Alan,Storey,1984-01-10,"Flat 4
Chelsea Underpass",Kaurmouth,EC5R 8XD,1176.04
CRM-10637,Stuart,Field,1950-10-31,"Flat 02
Mohammed Flat",Taylorville,S7 8UF,938.24
CRM-10638,Lorraine,Fletcher,1946-03-10,"Flat 6
Peters Springs",Zoemouth,N9S 2NW,120.03
CRM-10639,Lydia,Martin,1987-05-05,"Studio 94
Hall Isle",East Judith,WA7A 6GF,2693.97
CRM-10640,Pauline,Rice,1945-12-09,"Studio 33S
Shannon Mount",Neilton,W9C 5XJ,1407.84
CRM-10641,Leigh,Johnson,1958-09-01,"Flat 69U
Owen Trafficway",McDonaldside,L1K 1HL,4872.76
CRM-10642,Antony,Smith,1952-07-09,965 Morgan Street,Kellytown,L19 2GU,2789.13
CRM-10643,David,Turnbull,2006-07-12,8 Field Mountains,Joshhaven,L8 6RU,3502.22
CRM-10644,Owen,Webster,1981-01-29,"Studio 19
Mohammed Roads",Garethchester,W7T 1XS,675.08
CRM-10645,Naomi,Godfrey,1947-04-12,"Studio 5
Dobson Points",South Karen,B37 8HA,4348.88
CRM-10646,Kate,Kemp,1951-12-18,"Flat 80M
Rhodes Harbor",Matthewsview,RG0 7ZT,2479.85
CRM-10647,Abigail,Coleman,1996-08-03,5 Molly Station,Lake Edward,E61 7BP,4369.96
CRM-10648,Lewis,Taylor,1964-06-09,905 Bartlett Extension,Georgiatown,JE6X 1HW,2891.62
CRM-10649,Sean,Briggs,1951-04-10,04 Charlene Parkways,Lordtown,FY8 1PT,2373.51
CRM-10650,Kirsty,Lee,1951-06-01,"Flat 1
Justin Stream",East Elliottshire,BA2A 5TD,2230.32
CRM-10651,Louis,Brookes,1991-11-22,240 Cole Fall,Bradleyshire,KA3 4HG,962.6
CRM-10652,Bryan,Smith,1975-06-22,"Flat 7
Whitehead Keys",Burkeburgh,S2 6QN,304.31
CRM-10653,Gavin,Cook,1979-11-03,"Flat 8
Garry Forge",Smithville,G7C 9PQ,4708.26
CRM-10654,Lynne,Owens,1985-08-06,15 Sam Manor,Shepherdville,N42 8GA,2414.76
CRM-10655,Jennifer,Law,1976-08-14,"Studio 67p
Wood Rapid",Pamelafurt,BH3 6SL,4119.47
CRM-10656,Melissa,Matthews,1947-07-02,249 Kirsty Terrace,East Cheryl,TN0 4FQ,2033.5
CRM-10657,Clare,Frost,1976-11-24,232 Brookes Ferry,Port Dennis,CA32 0UG,416.71
CRM-10658,Leigh,Spencer,1982-12-22,"Studio 37Q
Holden Squares",Port Lewis,CO52 5NS,3165.76
CRM-10659,Jodie,North,1950-06-08,"Studio 9
Ross Rest",Port Damian,HX5 9ZR,315.36
CRM-10660,Martin,Berry,1954-12-14,"Flat 03
Williams Junction",Lambertchester,M46 0LS,788.53
CRM-10661,Antony,O'Brien,1991-12-28,15 Abbie Wall,Robertstown,N29 7AU,2836.06
CRM-10662,Hilary,Hunt,1972-11-22,"Flat 4
Smith Roads",New Barbarahaven,TF7 8QE,1553.99
CRM-10663,Antony,Robinson,1981-09-27,"Studio 12a
Wells Station",Joehaven,W6A 4BE,4969.89
CRM-10664,Wendy,Nicholls,1948-12-18,"Flat 65R
Perkins Burg",Antonyport,KT0 5NB,636.34
CRM-10665,Jodie,Griffiths,1995-05-13,632 Eleanor Court,Lake Jacob,ME6M 7ZJ,3834.0
CRM-10666,Judith,Pearce,1948-04-28,50 Tina Stream,South Sallyland,RH4 6AG,3051.27
CRM-10667,Douglas,Atkinson,1996-02-05,13 Turner Ridges,Lake Adam,OX7 6LG,3964.17
CRM-10668,Martyn,Knight,1948-09-01,"Flat 44
Jane Fords",Port Elizabethberg,FK7 1JJ,1167.15
CRM-10669,Jack,Ellis,1960-08-07,497 Thomson Isle,Jonesside,N5 5TF,2636.73
CRM-10670,Bethany,Davis,1979-07-07,264 Higgins Walk,Lake Hollyside,BT3 4NP,2280.05
CRM-10671,Alison,Davies,1947-07-27,929 Armstrong Mall,Port Glenside,LU3P 6ZE,2241.47
CRM-10672,Lewis,Byrne,1959-12-09,422 Walton Knoll,South June,HD5 5WX,4307.82
CRM-10673,Stacey,Gilbert,2004-01-06,"Studio 7
Mason Mission",Port Edward,GL08 7GE,4950.65
CRM-10674,Jacqueline,Jackson,1974-01-03,"Studio 3
Marian Fork",New Jasmine,E9K 0PZ,1561.63
CRM-10675,Frederick,Thompson,1988-02-14,"Studio 15b
Fisher Way",Port Shaun,IG32 3PF,3124.09
CRM-10676,Billy,Collins,1947-08-29,773 Scott Underpass,South Donna,CH9N 3TD,3067.67
CRM-10677,Thomas,Morris,1991-12-20,"Studio 76
Helen Green",Lake Lyndaside,BB7R 4RB,3713.44
CRM-10678,Julie,Matthews,1980-05-14,"Studio 1
Jacob Vista",Rosemaryville,DA5P 2JU,4740.57
CRM-10679,Rhys,Pritchard,1968-01-06,73 Ward Spurs,Butchermouth,EX9M 2FW,1078.55
CRM-10680,Gerard,Payne,2005-06-14,"Studio 54
Curtis Estate",Alicemouth,GY2Y 2ZN,1094.57
CRM-10681,Jacqueline,Smith,1961-01-24,9 Bray Bridge,Juliehaven,WR8P 9GQ,3319.12
CRM-10682,Carly,Bryan,2003-07-30,"Studio 56
Brooks Ways",Jarvisfurt,E5 4HJ,827.43
CRM-10683,Kieran,White,1998-07-02,357 Pearce Route,Port Judithbury,DH5X 6EP,910.38
CRM-10684,Kathleen,Rice,1983-03-17,7 Duncan Glens,Lake Naomi,L72 9LX,421.57
CRM-10685,Ricky,Green,1958-06-27,8 Long Forks,New Kimberley,LL18 5DH,63.24
CRM-10686,Lesley,Clark,1951-03-26,"Flat 18
June Oval",Shirleytown,S1T 3YZ,2279.99
CRM-10687,Caroline,Chambers,1962-09-09,"Studio 47
Hugh Parkways",Lewisport,WR8 5LX,2989.37
CRM-10688,Stephanie,Herbert,1975-07-03,7 Stanley Pass,Hughesburgh,S4 7PX,1491.73
CRM-10689,Justin,O'Connor,1952-12-15,4 Newton Pines,Webbport,L9S 5GH,1195.81
CRM-10690,Hannah,Thornton,2003-07-24,258 Lambert Turnpike,Marshview,M74 2NP,3549.43
CRM-10691,Owen,Norton,1967-01-06,"Flat 69z
Bailey Lodge",South Owenberg,TD40 3LN,3529.79
CRM-10692,Karen,Brown,1974-08-25,"Flat 88V
Robin River",Baxterville,L2 7YU,2297.46
CRM-10693,Jordan,Porter,1972-02-07,"Flat 49
Howard Centers",Martynside,LA4 7FD,3452.56
CRM-10694,Victor,Stewart,1995-05-27,"Flat 29
Allen Points",South Duncanmouth,M8J 0FD,4623.36
CRM-10695,Beth,Ellis,1966-12-03,"Studio 3
Danny Mountain",South Linda,DH4 9AF,3949.75
CRM-10696,Trevor,Graham,1974-08-21,"Studio 0
Sally Landing",New Amandaton,N8H 9PD,3144.04
CRM-10697,Keith,Armstrong,1983-07-20,281 Morrison Field,Port Lydiachester,LL7 5DG,3322.86
CRM-10698,Eileen,Allen,1976-06-15,"Flat 6
Bailey Village",Brownbury,KW2 3YP,4671.66
CRM-10699,Stacey,Murphy,1990-11-02,592 Sean Ford,Jeremyville,B2 1PP,2154.44
CRM-10700,Bernard,Slater,1959-04-14,"Flat 64
Charlie Trail",Richardberg,CM60 3RB,2745.58
CRM-10701,Katie,Williams,1959-01-28,91 Clive Parkways,East Rhysville,ST95 6HH,3255.79
CRM-10702,George,Roberts,1970-01-17,"Flat 81D
Thomas Light",Matthewsville,HX4 6NJ,4546.64
CRM-10703,Rita,Short,1989-05-09,"Studio 0
Elliott Islands",East Frederickburgh,B2J 2UB,4141.82
CRM-10704,Benjamin,Anderson,1959-11-02,"Flat 96k
Thompson Path",Lake Aimee,N12 7HN,403.48
CRM-10705,Sophie,Johnson,2007-05-31,"Studio 50
Mohamed Burgs",Hancockberg,BH86 2EA,871.32
CRM-10706,Damien,Bartlett,1951-10-29,"Flat 1
Hall Mall",Macdonaldtown,LN7 2PX,1572.68
CRM-10707,Claire,Andrews,1991-01-16,79 Malcolm Forges,Port Gareth,E16 9EJ,3757.34
CRM-10708,Eric,Smith,1995-03-28,"Flat 79H
Carter Curve",Marystad,CT9Y 6BH,2867.57
CRM-10709,Justin,Brown,1988-09-28,2 Stanley Ports,Jonesstad,S73 9LX,1478.62
CRM-10710,Chloe,Hardy,1964-07-25,"Flat 24v
Clements Motorway",Lake Glennhaven,BR5 0XF,665.55
CRM-10711,Neil,Wilson,1976-09-07,8 Clarke Key,Alisonchester,E8C 8HF,3458.96
CRM-10712,Gail,Morton,1946-09-11,589 Lynne Wall,Port Staceystad,L8C 2EG,3513.68
CRM-10713,Heather,Thomson,1987-08-17,289 Taylor Harbors,South Bryanfurt,S7H 2NA,4716.25
CRM-10714,Keith,Smith,1983-05-18,"Flat 99
Darren Throughway",Davidsonfort,L62 6YH,2527.34
CRM-10715,Frederick,Lee,1950-05-11,26 Fiona Spring,East Louise,M50 8NW,2494.29
CRM-10716,Timothy,Vaughan,1986-04-13,"Flat 74
Joanna Summit",Dyermouth,BH6 1TS,448.19
CRM-10717,Fiona,Thompson,1993-11-09,"Flat 38g
Mandy Rapid",Cameronfort,KY6A 4LL,247.31
CRM-10718,Ruth,Buckley,1974-02-11,"Flat 10g
Smith Park",New Tracy,FK1Y 8ZY,2188.54
CRM-10719,Nicola,Jenkins,2004-10-14,"Flat 9
Marie Villages",New Neilville,N99 6BQ,1645.49
CRM-10720,Eileen,Greenwood,2003-07-21,"Studio 80
Bradley Road",Kingtown,G05 4SA,1289.32
CRM-10721,Caroline,Baker,1962-10-23,"Studio 55p
Williams Causeway",Clareview,L88 6QG,502.07
CRM-10722,Dawn,Baxter,1968-04-08,"Studio 83
Norton Courts",Lake Carolmouth,W2U 3LU,4811.46
CRM-10723,Bruce,Holt,1975-05-07,"Flat 25
Nathan Field",Kathleenside,SY8 6ZD,4188.0
CRM-10724,Joe,Green,1993-12-26,"Flat 25I
Frost Lights",Port Billyshire,N3 0JX,2897.24
CRM-10725,Dean,King,1964-03-10,33 Eric Mill,East James,EH0 7SX,4756.39
CRM-10726,Lynn,Turner,1958-08-22,"Flat 89
Johnson Loaf",Dianastad,KY5 3PX,4997.88
CRM-10727,Susan,Hamilton,1992-09-23,38 Lewis Tunnel,Wilkinsonville,L5T 7LY,3377.79
CRM-10728,Alexander,Nicholls,1975-05-10,"Studio 61
Daniel Points",Mooreton,LS2 5DL,1384.08
CRM-10729,Shirley,Smith,2006-07-26,976 Hannah Forge,Gordonport,DY9 2XY,249.15
CRM-10730,Guy,Taylor,1987-01-15,591 Jayne Circles,Elliottborough,G20 1PD,3793.53
CRM-10731,Neil,Harding,1984-08-13,"Studio 6
Khan Junctions",North Graeme,DD6 7DG,2378.98
CRM-10732,Elliot,Alexander,1960-12-24,"Studio 15C
Judith Glens",New Benjaminside,N1 0WA,3274.97
CRM-10733,Christopher,Mills,1966-05-26,951 Roy Roads,Claytonborough,CB2 9GT,4584.56
CRM-10734,Diana,Baker,1998-02-02,270 Shannon Underpass,Port Graemeport,N2 1UH,948.37
CRM-10735,Mandy,Nash,1987-04-14,"Studio 8
Leonard Crescent",West Louisstad,L73 0QB,2947.38
CRM-10736,Catherine,Barker,2007-06-17,158 Peacock Row,West Danny,W34 6SR,3192.18
CRM-10737,Jake,Jones,1978-12-26,87 Rogers Turnpike,Lydiaton,B3B 9YX,2484.04
CRM-10738,Kyle,Hart,1995-11-12,004 Kay Plain,Port Lydiachester,ML8E 0HE,501.65
CRM-10739,Clare,Giles,2006-04-13,513 Martin Route,North Margaretborough,CH4A 5GR,1772.41
CRM-10740,Julian,Hyde,2002-07-27,"Flat 2
June Gateway",Maryshire,WN4H 6AS,1699.88
CRM-10741,Amy,Patel,2002-11-24,49 Kayleigh Square,Thomasmouth,L11 2UD,3367.16
CRM-10742,Justin,Wilkinson,1956-12-11,"Studio 64I
Kirby Port",Raymondville,UB31 3FW,4295.78
CRM-10743,Alan,Jones,1952-12-30,0 Gallagher Track,East Amandastad,ST27 8HH,1682.53
CRM-10744,Elliott,Thomas,1946-07-11,42 Hall Row,South Jessicaberg,MK1 2HP,3483.68
CRM-10745,Sylvia,Atkinson,1947-04-13,"Flat 3
Randall Divide",Kevinville,BR6V 9GP,1476.68
CRM-10746,Lauren,Thomas,2006-11-27,306 Lynne Centers,Hiltonville,B98 0UY,4728.71
CRM-10747,Leah,Cooper,1992-03-18,"Studio 3
Osborne Key",Jonesberg,NN53 4GR,4077.15
CRM-10748,Douglas,Wallace,1970-08-09,42 Kelly Loop,South Malcolm,HU3P 6TT,2772.98
CRM-10749,Louise,Watson,1977-02-05,"Flat 56i
Duncan Forge",New Gordon,SE9N 8SQ,2301.39
CRM-10750,Carly,Parkes,1972-04-15,18 Hodgson Village,Bentleyborough,NR2 8SG,1606.86
CRM-10751,Angela,Jennings,1959-08-10,"Studio 24
Jemma Locks",East Victoria,LL3 7PZ,1650.21
CRM-10752,Molly,Hill,1988-04-19,111 John Wall,West Georgemouth,DH2 4DQ,4852.41
CRM-10753,Sara,Walker,1985-04-05,"Studio 5
Gregory Hollow",Port Chelseaburgh,G61 2XX,2050.67
CRM-10754,Teresa,Jones,1964-09-11,2 Glover Canyon,South Elaine,LS20 7YY,2597.25
CRM-10755,Justin,Williams,1946-11-28,"Studio 95v
Lauren Cliff",East Sara,SK6 1HP,4941.19
CRM-10756,Iain,Ellis,1999-01-31,97 Brenda Ramp,Chambersstad,DG8 8AU,3305.42
CRM-10757,Stanley,Howe,1949-02-04,447 Haynes Groves,Knowlesmouth,B2W 9AN,2735.84
CRM-10758,Jessica,Ryan,1977-07-19,"Studio 0
Harrison Isle",Sallychester,SO52 4XH,2095.58
CRM-10759,Wendy,White,1951-03-24,"Studio 15G
Daniel Valleys",Port Kenneth,E25 2YJ,978.53
CRM-10760,Nicholas,Taylor,1946-03-19,591 Carole Road,Yatesmouth,CF9B 2HD,1840.81
CRM-10761,Christian,Green,1951-10-16,33 Jason Loaf,Kayleighhaven,W37 7NY,3794.39
CRM-10762,Benjamin,Williams,1980-02-06,2 Marcus Divide,Lake Harry,TA1H 5JG,3145.77
CRM-10763,Hannah,Woods,1985-11-11,"Studio 68
Lloyd Glen",Cameronhaven,M4 1BD,3811.95
CRM-10764,Valerie,Ward,1995-06-07,617 Frances Corners,Joanstad,SL9X 9LP,1057.61
CRM-10765,Barbara,Evans,2000-09-28,"Flat 74W
Sinclair Summit",East Kate,B56 7PR,2768.64
CRM-10766,Gillian,Taylor,1977-02-27,"Flat 26
Giles Well",Port Elliott,WR26 0SG,4641.98
CRM-10767,Derek,Wright,1958-01-27,0 Jones Groves,Joetown,IV24 3HU,2218.67
CRM-10768,Lynda,Wood,1975-01-05,"Flat 70
Hunt Cliff",Dianafort,M2D 3SU,3506.34
CRM-10769,James,Andrews,1988-07-13,49 Talbot Rapid,New Lawrence,SR5 5YU,651.06
CRM-10770,Philip,Brown,1970-09-26,"Flat 35
Terry Roads",Fitzgeraldside,OX5 2PY,4867.08
CRM-10771,Bernard,Walters,1987-01-10,7 Ball Island,South Seanmouth,W7 1TR,3063.91
CRM-10772,Alex,James,1964-05-09,07 Francis Roads,West Susanfort,G4F 5ZX,1234.52
CRM-10773,Marc,West,1989-07-04,914 Gordon Pine,Frederickfurt,SN04 3FN,833.97
CRM-10774,Peter,Day,1989-05-19,"Flat 5
Russell Drive",Johnsonside,W51 7LH,2776.65
CRM-10775,Diana,Jenkins,1964-12-07,250 Lee Ways,Lynnfort,CT5 8AS,2783.64
CRM-10776,Leah,Turnbull,1957-09-02,"Studio 04
Armstrong Port",New Williamberg,BR12 1WG,511.39
CRM-10777,Damian,Green,1970-01-28,"Flat 16v
Valerie Locks",New Helenfurt,CV8B 7GE,4961.67
CRM-10778,Elliot,Wilson,1949-05-27,3 Thomas Forges,East Ashley,N5G 0WN,4569.0
CRM-10779,Valerie,Brown,1994-03-13,"Studio 10
Joan Camp",East Carole,AB51 8GR,2334.17
CRM-10780,Phillip,Wyatt,1946-01-21,"Flat 85G
Walsh Flats",Albertborough,YO4 1NT,631.46
CRM-10781,Matthew,Williams,1989-11-19,"Flat 21
Charlotte Unions",Lake Russellborough,M3K 5TB,4169.11
CRM-10782,Eileen,Johnson,1984-02-18,"Flat 80
Brown Village",Port Brett,W65 6ZG,2516.96
CRM-10783,Abigail,Jones,1986-03-02,"Studio 31N
David Walk",New Adamtown,AB4 6YG,3597.19
CRM-10784,Lewis,Collier,1960-03-17,51 Fletcher Brooks,Joshuaville,CT4 3EA,2568.92
CRM-10785,Alice,Coleman,1953-03-21,379 Dixon Squares,Collinsberg,E66 0US,1403.45
CRM-10786,Natalie,Ali,1946-06-17,144 Howell Grove,Lake Abdulborough,W00 8UJ,4181.88
CRM-10787,Anthony,Hussain,1951-07-29,"Studio 7
Karen Shoals",Lynnside,N56 9RQ,4902.21
CRM-10788,Jade,Robinson,1997-10-09,"Flat 78
Evans Meadows",New Howardberg,HU7 8GB,1256.47
CRM-10789,Glenn,Lowe,2004-01-23,582 Russell Views,Reeveschester,B8 9AL,2778.76
CRM-10790,Georgina,King,1956-10-06,571 Chandler Union,Lorrainefurt,S3K 6EJ,1948.75
CRM-10791,Ruth,Graham,1956-02-25,081 Connor Cliffs,Cameronfurt,UB3 3AA,4613.25
CRM-10792,Robert,Doyle,1959-08-26,114 Watson Manors,Irenefurt,M5 5HN,2565.79
CRM-10793,Anne,Bibi,2008-02-18,"Studio 99c
Stewart Parks",Brucetown,SN7 8ES,4402.66
CRM-10794,Charlene,Fox,2005-06-26,"Studio 70y
Holly Trace",South Howardside,E3 7RP,4326.93
CRM-10795,Cameron,Gibbs,1977-06-29,48 Brennan Loop,North Lydiaberg,B8H 8GT,1417.42
CRM-10796,Henry,Harrison,1971-12-22,91 Coleman Mission,Benton,PH5 1FD,3960.53
CRM-10797,Joe,Jones,1962-07-03,26 Josh Falls,West Jill,W3T 1EG,2103.96
CRM-10798,Bradley,Clarke,1986-09-28,75 Brown Pine,Heatherside,S7 4SX,4674.53
CRM-10799,Rita,Oliver,1949-12-28,57 O'Sullivan Gardens,North Peter,E92 7XQ,2563.3
CRM-10800,Nicole,Smith,1950-02-07,618 Dale Flats,West Aaron,SN6A 0WA,4111.72
CRM-10801,Nathan,Whittaker,1963-08-26,25 Catherine Unions,East Cheryl,LS73 2RX,1450.05
CRM-10802,Ashleigh,Johnson,2003-12-28,2 Joseph Neck,New Rogerbury,SY6X 3LS,1527.85
CRM-10803,Darren,Mitchell,1948-06-23,"Studio 0
Vanessa Stream",Deborahmouth,L2H 2JZ,2955.34
CRM-10804,Maria,Hussain,1998-03-02,90 Collins Corner,Port Jemma,N4 4TP,4994.57
CRM-10805,Leon,Lee,1986-09-30,"Flat 78F
Reed Villages",South Tom,W5 4LL,2473.72
CRM-10806,Gerard,Wright,1961-01-23,"Flat 39m
Page Fields",Maureenchester,EX9 3ZF,785.55
CRM-10807,Charlene,Harris,1992-04-25,"Studio 88u
Bethany Prairie",North Iain,EH3W 2UQ,2715.97
CRM-10808,Duncan,Gilbert,1994-05-09,"Studio 78
Lane Rest",West Harryfurt,S0B 4UT,1758.36
CRM-10809,Georgina,Jackson,1964-05-31,"Flat 40
Johnson Overpass",South Amandafurt,CM2 1QB,2781.99
CRM-10810,Luke,Baker,1964-06-06,842 Joyce Manors,North Irene,B0B 9LN,2739.98
CRM-10811,Sharon,Smith,1960-07-23,"Studio 53
Daniel Plaza",Geraldburgh,DL89 2DY,2303.96
CRM-10812,Jayne,Robinson,1963-11-30,"Flat 1
Jane Forges",South Kathryn,G34 0JN,1642.8
CRM-10813,Tracy,Jackson,1986-05-15,"Studio 3
Oliver Vista",South Louisemouth,S96 8LH,983.83
CRM-10814,Ellie,Hughes,1999-04-16,"Flat 07G
Bull Rest",West Gareth,BS9Y 2RH,3502.62
CRM-10815,Charlie,McLean,1973-02-14,"Flat 43
Foster Mountains",Lake Lynnebury,SN1R 6YQ,2880.4
CRM-10816,Rebecca,Palmer,1978-12-19,"Studio 76f
Smith Forks",Claireview,CW23 0RQ,1206.13
CRM-10817,Anthony,Carter,1951-09-06,9 Tony Common,Alisonberg,CT6 2JS,3888.95
CRM-10818,Graeme,Thompson,1950-02-06,9 Marion Shoal,West Lorraine,KW23 3ZD,266.05
CRM-10819,Joseph,Griffin,1963-11-13,178 Wood Drives,East John,WF2 8AW,3736.29
CRM-10820,Leanne,Bowen,1972-05-10,0 Bryan Curve,Port Tina,OX4 3TG,3540.88
CRM-10821,Carolyn,Griffiths,1962-06-13,901 Kirk Heights,Hillfort,SY6V 8TW,4066.47
CRM-10822,Owen,Fitzgerald,1984-11-08,"Flat 86k
Clarke Camp",North Grace,WC4 9SR,1961.09
CRM-10823,Nicola,Burns,1947-03-08,"Studio 3
Robin Mews",South Marie,CR4P 2AJ,3335.26
CRM-10824,Jennifer,Smith,1972-09-22,"Studio 75n
Clarke Center",East Ruth,M5 5TR,4112.7
CRM-10825,Hilary,Carr,1950-11-15,"Flat 88E
Catherine Cliff",Mohamedborough,MK2 1FX,4905.05
CRM-10826,Mathew,Howard,1980-03-24,850 Ahmed Union,Wardmouth,IG0 7US,2501.88
CRM-10827,Katherine,Fowler,1998-08-03,6 Benson Mill,Garethberg,E96 6JB,233.25
CRM-10828,Samuel,Stokes,1954-08-09,93 Roberts Drive,Kaurview,B12 4UD,2536.34
CRM-10829,Gerald,Jones,1956-10-29,"Flat 1
Barker Junctions",Paulineview,N5J 9WL,2971.39
CRM-10830,Marilyn,Marsh,1962-04-01,6 Dixon Pass,Dawnfurt,M4 2XJ,4355.02
CRM-10831,Gerald,Shaw,1962-06-26,"Flat 18
Ali Locks",Sullivanport,L2 1PB,4377.24
CRM-10832,Amanda,Stevenson,1974-12-19,70 Cross Crest,Damianfort,IV93 6JN,2229.52
CRM-10833,Norman,Morrison,1956-10-11,"Flat 95
Davis Courts",North Johnberg,S7B 0AU,2653.46
CRM-10834,Edward,Rhodes,1965-05-22,"Studio 59f
Roger Inlet",Oliverton,E0K 3GR,2311.79
CRM-10835,Abigail,Dean,1985-12-08,"Studio 81
Khan Mountain",Charleshaven,W9 4BR,3626.1
CRM-10836,Declan,King,1992-11-05,"Studio 5
Harris Squares",Fletcherbury,SG5 3TF,2079.39
CRM-10837,Geraldine,Nash,1950-12-18,121 Clarke Stream,West Brettmouth,L7G 1XY,3291.17
CRM-10838,Josh,Cross,1959-10-31,"Studio 05k
Bates Circles",North Howardfurt,W76 7FP,814.09
CRM-10839,Lindsey,Oliver,1966-12-24,2 Sanderson Oval,Seanton,L89 4HG,2373.98
CRM-10840,Helen,Thomas,1946-03-09,"Studio 59x
Harper Orchard",East Sean,SL8 8RW,4847.56
CRM-10841,Marie,Blackburn,1987-03-21,07 Powell Throughway,Thomasmouth,S9 7ST,1725.88
CRM-10842,Tina,Bradshaw,2008-05-16,"Studio 37
Hodgson Run",Port Bernardshire,IV4 8JB,3478.89
CRM-10843,Ross,Watson,1976-02-17,06 Keith Unions,Paulaside,BA84 7YH,3266.69
CRM-10844,Eleanor,Adams,1965-02-15,6 Williamson Shoal,North Lydia,BT53 0EF,4266.24
CRM-10845,Garry,Thompson,1965-06-13,"Studio 2
Martin Estates",Lewisport,NP8 1FE,4269.09
CRM-10846,Paul,Watson,1950-01-17,"Flat 17
O'Neill Trafficway",Lewisfort,PO4B 1QG,4303.74
CRM-10847,Charlotte,Forster,1982-08-31,"Studio 09Z
Philip Estates",West Shaun,L7U 0PR,1931.05
CRM-10848,Ann,Webb,1980-06-05,"Flat 23
Griffin Summit",Lake Julianfort,W6F 3BB,1617.47
CRM-10849,Alison,Kay,1984-05-29,"Flat 5
Allan Villages",West Gillianland,E98 9FU,3607.65
CRM-10850,Olivia,Fisher,1983-02-04,"Flat 9
Kim Island",West Paula,GY01 4FL,3809.04
CRM-10851,Jessica,Watkins,1964-08-28,"Studio 1
Tucker Inlet",Janetown,M5 1FW,4368.3
CRM-10852,Mandy,Foster,1952-05-15,"Flat 1
Read Island",East Melissaborough,E3A 4XX,227.7
CRM-10853,Jason,Barker,1982-11-29,"Studio 41
Mitchell Canyon",Emilyland,HP4Y 2DE,388.68
CRM-10854,Joan,Harper,2006-03-20,"Flat 7
Stevenson Coves",Samshire,L1F 2YE,3174.25
CRM-10855,Harriet,Cartwright,1977-07-24,228 Jane Avenue,Melissaborough,NR30 3ZR,4608.6
CRM-10856,Alex,Mason,1965-06-23,"Flat 69
Walker Heights",Frederickville,KT4X 0ER,4987.26
CRM-10857,Marie,Bates,1962-10-08,291 Wayne Station,East Frederickton,BS6E 4EY,3746.49
CRM-10858,Paul,Riley,1994-05-14,061 Martin Divide,Lake Eileen,N5 6WL,2198.16
CRM-10859,Louise,Adams,2003-12-05,6 Kay Shores,South Wendy,KY0 0ST,537.29
CRM-10860,Sam,Long,2006-01-18,784 Amy Creek,Patrickport,DD6 7WD,3187.05
CRM-10861,Kate,Price,1966-03-10,34 Robson Groves,South Gerald,ZE20 7RJ,4369.27
CRM-10862,Lynn,Bond,1955-05-28,58 Marshall Groves,Sophietown,E3 4JX,2246.21
CRM-10863,Jayne,Allen,2008-06-18,780 Michael Islands,Swifttown,DG21 6LL,3485.31
CRM-10864,Kate,Ryan,1972-11-28,"Flat 6
Johnson Gardens",Jordanmouth,LN3 7JS,4521.95
CRM-10865,Chelsea,Brown,1950-09-30,236 Dennis Mountain,Wilkinsonland,W2 3HQ,277.66
CRM-10866,Lewis,Sims,1946-05-09,"Flat 4
Lawrence Course",Frankville,M9 0UL,3990.91
CRM-10867,Joanna,Thompson,1997-02-03,36 Spencer Parkway,New Ricky,S5 7XG,1502.17
CRM-10868,Richard,Hicks,1988-03-28,432 Donald Street,Lake Antonyborough,L24 0TJ,1905.46
CRM-10869,Marian,Macdonald,1953-07-30,46 Charlene Circles,South Gemma,G5 8GS,770.57
CRM-10870,Raymond,Cunningham,1956-04-11,2 Griffiths Forks,West Maria,NW8W 7GZ,2679.27
CRM-10871,Stacey,Benson,1960-03-24,"Studio 2
White Green",Lake Michael,S46 1YE,2851.34
CRM-10872,Annette,Clarke,1949-03-21,818 Byrne Run,North Maureen,L23 8ZX,3972.97
CRM-10873,Liam,Smith,1983-02-20,88 Garry Green,Georginaberg,B67 2JD,891.42
CRM-10874,Maureen,Kennedy,1975-08-29,81 Hall Springs,Tomtown,B0 0DP,440.89
CRM-10875,Roger,Reed,2000-07-16,3 Watson Courts,Leonardside,IG0X 2QP,4360.66
CRM-10876,Jessica,Davies,1999-08-21,"Flat 42f
Grace Skyway",Hussainhaven,G2 8ZB,3117.57
CRM-10877,Terry,Lamb,1948-04-21,"Studio 0
June Causeway",Lake Elliotbury,HS51 8LW,1242.11
CRM-10878,Kieran,Gibbons,1983-11-14,6 Max Pass,West Lauren,BL5M 9RB,4568.5
CRM-10879,Lynn,Edwards,1988-02-02,"Flat 6
Cameron Loop",Richardstown,G2B 4BE,758.43
CRM-10880,Deborah,Smith,1981-07-11,804 Hunt Row,New Elaine,WS38 6HW,2332.69
CRM-10881,Eileen,Collins,1963-10-13,1 Bethan Locks,Ronaldhaven,M6E 0JS,1307.19
CRM-10882,Callum,Chan,1994-11-28,"Flat 14
Reeves Well",Port Janetport,IP2N 4BG,1313.87
CRM-10883,Sophie,Pearson,1994-08-18,"Flat 82s
Daniel Skyway",South Gemmaport,TQ44 3EQ,96.52
CRM-10884,Cameron,Humphreys,1979-08-25,52 Morrison Square,Lake Charlenemouth,M0 3HH,4032.93
CRM-10885,Gavin,Morgan,2001-08-17,"Flat 84
Young Crossing",Briggsberg,E1 8TE,4510.99
CRM-10886,Paige,Parker,1959-01-27,137 Aaron Lodge,Ericton,WF01 9WU,3404.17
CRM-10887,Toby,Chambers,1952-01-16,"Studio 68
Mark Ferry",Port Richard,E5 1XF,831.98
CRM-10888,Jodie,Barry,1946-06-14,657 Smith Haven,Lake Elizabethtown,L6F 2BD,2236.56
CRM-10889,Graeme,Butler,2000-07-29,941 Wilson Locks,Wardtown,G6D 2HZ,1760.55
CRM-10890,Mandy,Lowe,1950-07-23,45 Fletcher Course,Alanport,S05 5JU,2958.48
CRM-10891,Hannah,Rowe,1999-05-14,112 Porter Brook,East Williamhaven,N66 0RF,3212.75
CRM-10892,Lydia,Murphy,1967-05-12,2 Conor Junctions,Leechester,G6K 7US,2150.33
CRM-10893,Chelsea,Berry,1955-04-06,440 Cameron Hollow,Port Debramouth,N43 8WF,1287.99
CRM-10894,Jane,Parker,1961-06-18,"Studio 10
Dorothy Land",Marshalltown,B8F 4NY,4234.25
CRM-10895,Justin,Hudson,1994-03-10,"Flat 92z
Perkins Ports",Taylorport,W1J 2XQ,1036.12
CRM-10896,Rosemary,Cooper,1984-04-05,5 Billy Brooks,Shirleyborough,L12 4FS,1954.23
CRM-10897,Sophie,Moore,1949-04-14,"Studio 08
Nash Route",South Helentown,LA2Y 4XJ,2441.88
CRM-10898,Maria,Jenkins,1967-09-23,"Studio 38i
Glen Views",West Janeville,S50 6YQ,1224.17
CRM-10899,Paige,Davies,1975-02-06,"Flat 8
Allen Key",Yatesborough,W6 2HW,2881.02
CRM-10900,Terry,Bradshaw,2008-06-03,34 Henderson Garden,Natashaview,ZE0A 7JA,2895.32
CRM-10901,Thomas,King,1980-07-12,"Studio 66
William Crescent",Heathland,L9 0BD,4963.83
CRM-10902,Nicola,Hill,1987-03-18,"Flat 4
Danny Center",Milesburgh,NE3W 6FB,1511.39
CRM-10903,Laura,Quinn,1964-08-06,"Flat 7
Williams Haven",Marsdenmouth,S62 5AX,4890.83
CRM-10904,Colin,Morris,1979-01-17,"Studio 0
Anna Squares",Port Marcustown,NG84 3HH,3308.24
CRM-10905,Sandra,Barnes,1954-08-02,"Flat 23w
Griffiths Plains",South Markborough,E19 0RE,1408.68
CRM-10906,Gerald,Banks,1961-10-01,"Flat 77
Patel Field",South Keith,NP4M 9BG,2851.35
CRM-10907,Rosemary,Stanley,1955-02-21,"Flat 80g
White Center",South Dennis,EN1P 8EF,3444.71
CRM-10908,Gillian,Cox,1979-07-24,1 Shaun Route,South Joanside,E34 2YX,3736.11
CRM-10909,Maurice,Hunter,1978-12-28,"Flat 63
Geoffrey Vista",New Gail,KA0 3YT,292.77
CRM-10910,Daniel,Hughes,1993-05-20,"Studio 1
Jones Circle",Taylorfort,S82 5AR,3051.71
CRM-10911,Sheila,Wilkins,1990-05-25,3 Mills Estate,South Josephinestad,N8 1LR,2508.8
CRM-10912,Shirley,Hayes,1950-07-07,9 Toby Port,Morganton,M3G 8AG,4525.57
CRM-10913,Malcolm,Norman,1948-02-17,"Flat 9
Cheryl Ville",Simpsonview,M2E 9WX,1466.66
CRM-10914,Harriet,Collins,1951-04-11,"Flat 78G
Hunt Terrace",Lake Abbiemouth,N2 8RT,4004.36
CRM-10915,Janet,Jones,1982-04-03,9 White Tunnel,New Philipmouth,PO87 8FZ,3054.97
CRM-10916,Beverley,Austin,1979-12-23,"Studio 22u
Valerie Summit",Port Carlyside,SL8 6GJ,1793.99
CRM-10917,Laura,Barnett,1963-11-20,566 Vincent Port,North Ellieville,M82 5LL,3201.26
CRM-10918,Justin,McDonald,1972-04-24,"Studio 63
Jay Views",Christianbury,CR8Y 6JH,3123.41
CRM-10919,Janice,Hunt,2008-06-02,62 Hooper Springs,Christianside,SR7 5RG,3404.93
CRM-10920,Beverley,Thompson,1985-08-24,358 Warner Wall,New Carolynfurt,HX0 8LR,3618.6
CRM-10921,Yvonne,Duncan,1987-01-22,"Studio 4
Wilson Fields",Teresaville,YO8W 1UZ,3312.95
CRM-10922,Pamela,O'Brien,1959-02-09,"Studio 34
Nicholas Villages",Rhysfurt,CA5 7EP,4199.77
CRM-10923,Toby,Howell,1960-04-18,93 Jones Vista,East Rachelmouth,BH0 2EN,3159.83
CRM-10924,Nicholas,Howells,1969-08-21,69 Bethan Ramp,Mooreberg,AB45 3WW,4521.85
CRM-10925,Nicole,Baxter,1969-04-05,"Flat 25
Sanderson Islands",Jamesmouth,W4E 2UP,3249.39
CRM-10926,Denise,Holt,1995-12-20,"Studio 59
Arnold Underpass",Jayneport,G49 1SP,1579.22
CRM-10927,Richard,Khan,2003-06-21,0 Mohammad Landing,New Eileen,E32 5PD,2232.07
CRM-10928,Gavin,Bailey,1968-09-09,"Flat 8
Ashleigh Roads",Duffyburgh,CB4M 8WZ,2918.89
CRM-10929,Jacqueline,Cooper,1987-09-30,"Flat 73
Patterson Route",Petersport,KA2Y 2QW,3675.18
CRM-10930,Geraldine,Thompson,1970-08-28,"Flat 18
Kyle Station",Lake Aaronborough,G3 0NZ,496.16
CRM-10931,Colin,Howard,1995-10-19,8 Elizabeth Greens,Walshside,HS08 7RW,1510.8
CRM-10932,Diana,Hopkins,1976-08-03,5 Hall Green,Chelseaview,CR62 5FZ,3750.03
CRM-10933,George,Lewis,1998-05-01,"Studio 8
Timothy Lock",New Justinmouth,W2 7HH,919.42
CRM-10934,Angela,Greenwood,1995-02-13,920 Clayton Drives,Lake Victoria,E65 4JX,704.19
CRM-10935,Georgina,Connor,2006-07-30,53 Stanley Point,Vincentchester,W7 3GR,2720.07
CRM-10936,Gregory,Smith,1946-11-21,"Flat 49Z
Talbot Stream",East Katieshire,AB29 7DG,4858.87
CRM-10937,William,Fry,1990-12-05,"Studio 71
Abigail Station",Ashleyshire,L2C 1FQ,2677.72
CRM-10938,Patricia,Elliott,1994-12-20,320 Arthur Trace,Jenkinsmouth,W5S 5WQ,4571.76
CRM-10939,Jeffrey,Smith,1981-12-18,"Flat 0
Andrew Harbors",Damianfurt,BT9W 1TD,4160.84
CRM-10940,Denis,Lee,1956-08-25,910 Carly Ports,Port Kate,HS0B 3UL,1322.0
CRM-10941,Hilary,Taylor,1980-05-10,9 Christopher Ports,Chambersland,W19 2RB,4132.21
CRM-10942,Ashleigh,Hayes,1955-11-20,2 Joyce Squares,Craigberg,E9 1ER,2435.15
CRM-10943,Sophie,Webb,2007-09-15,1 Katie Dale,Irenehaven,EH39 0NY,4042.12
CRM-10944,Alex,Williams,1968-07-05,027 O'Donnell Cove,Port Lawrence,E14 8RW,3745.47
CRM-10945,Bradley,Woodward,2004-01-26,522 Patel Brook,Lake Claire,SR6 0HY,1726.64
CRM-10946,Jodie,Ward,1998-08-01,"Flat 1
Sandra Crest",West Karl,HU85 6NF,620.09
CRM-10947,Phillip,Baker,1963-03-17,202 Begum Manors,West Jayneburgh,DY87 0GZ,4816.32
CRM-10948,Jasmine,Long,1994-06-22,69 Amy Forks,East Lawrence,E5F 2AJ,746.75
CRM-10949,Rita,Ellis,1964-12-25,0 Andrew Ridges,Carolfort,W5G 9DQ,4834.18
CRM-10950,Angela,Wright,1998-07-11,"Flat 46l
Tony Neck",East Tonymouth,AB10 1WE,4307.7
CRM-10951,Ian,Martin,2000-05-30,"Studio 31
Matthews Track",South Shaunchester,B8A 5TE,3634.87
CRM-10952,Sean,Wright,2004-08-27,07 Dominic Pass,South Alisonville,B73 1BN,4900.71
CRM-10953,Rebecca,Morgan,1964-04-22,"Flat 36l
Geraldine Flat",North Annachester,N88 7SS,4837.99
CRM-10954,Jodie,Smith,1947-07-30,8 Brett Flat,New Sophie,W46 6FD,4032.71
CRM-10955,Jay,Grant,1981-04-04,7 Ryan Centers,Sophiechester,CB45 1EB,1860.59
CRM-10956,Katie,Fox,1990-11-30,"Flat 4
Michael Summit",Fionabury,E9U 9AP,3963.88
CRM-10957,Frederick,King,1993-09-19,20 Morrison Parkway,Port Joanport,WA9R 9WU,118.9
CRM-10958,Ruth,Wilson,1949-12-27,97 Elizabeth Light,Timothychester,CB23 4BU,2706.03
CRM-10959,Catherine,Bradshaw,1962-06-14,5 Akhtar Street,Caroleshire,W0 4GS,2301.19
CRM-10960,Irene,Davidson,1960-02-22,"Flat 8
Perry Plains",North Craig,BN20 1XD,3380.5
CRM-10961,Damian,Charlton,1993-04-25,"Flat 11
Hunt Street",Irenehaven,E8 4NX,3378.09
CRM-10962,Ashley,Walsh,1953-09-27,"Flat 88V
Alexandra Mill",Jennifertown,G0U 4XB,2943.57
CRM-10963,Samantha,Jones,1977-10-06,3 Moore Hills,Greenland,W94 9SX,4120.97
CRM-10964,Leanne,Hayes,1994-12-22,"Studio 70
Thomas Knoll",Lake Terence,ZE1 1QS,4704.44
CRM-10965,Samuel,Hughes,1983-02-10,7 Davies Valley,West Gemma,CF7 2NB,586.31
CRM-10966,Rachael,Bennett,1993-04-30,"Studio 66
Arthur Ridge",Paynemouth,M2B 0FX,1207.42
CRM-10967,Declan,Warner,1955-03-30,93 White Plains,North Stephanie,L4J 8WJ,173.87
CRM-10968,Jayne,Thomas,1975-03-22,67 Kerry Mills,South Danielland,M1 1YJ,4426.96
CRM-10969,Sarah,Adams,1986-05-14,6 Donald Forest,Peterstown,DE3 4PX,2828.97
CRM-10970,Denise,Green,1968-03-07,5 Banks Park,West Harry,E6F 3NL,4580.52
CRM-10971,Matthew,Greenwood,1973-11-22,"Flat 7
Wheeler Summit",Port Georgiaberg,EX9V 8XA,1145.77
CRM-10972,Joanne,Hall,1983-01-23,4 Angela Groves,Lewisville,N92 6LX,362.92
CRM-10973,Mary,Richards,1982-03-13,969 Webster Parkways,Swiftland,HR9 5BE,4128.08
CRM-10974,Harry,Osborne,1994-09-18,7 Smith Light,West Geoffreyland,BT60 9XX,4551.47
CRM-10975,Hannah,Martin,1966-12-14,21 Mills Rapid,South Danielletown,B9 2NW,1545.84
CRM-10976,Kimberley,Smith,1948-10-02,"Studio 6
Thornton Streets",Williamschester,N6 2AN,2071.06
CRM-10977,Guy,Davison,1970-05-04,"Studio 5
Alexandra Mission",Stanleybury,B62 5LR,741.9
CRM-10978,Margaret,Gill,2003-09-10,54 Raymond Locks,Rachaelstad,B06 2EG,4733.99
CRM-10979,Derek,Harris,1997-05-31,"Studio 7
Kemp Dale",Mollyland,BB11 4ED,1556.6
CRM-10980,Christine,Walker,2003-07-10,"Studio 86
Thomas Trace",North Elaineshire,S7T 8FH,2488.49
CRM-10981,Jason,Lord,1986-01-30,"Studio 0
Williams Stravenue",Jamesburgh,TS6B 1GB,531.1
CRM-10982,Dennis,Hill,1961-02-16,"Flat 36w
Taylor Place",South Andreastad,DA5M 4FE,4441.93
CRM-10983,Vanessa,Bevan,1996-09-03,545 Parker Springs,Smithstad,SA7 2HD,721.54
CRM-10984,Nathan,Davidson,1958-09-23,748 Richardson River,South Jenniferfurt,L42 2AH,2295.54
CRM-10985,Suzanne,Powell,1992-03-05,7 Edwards Shoal,Port Josephfurt,B45 0RZ,3368.91
CRM-10986,Bernard,Rose,1982-08-31,93 Baker Inlet,North Bethville,E6H 8NW,3728.54
CRM-10987,Joseph,Gray,1969-01-21,44 Smith Meadow,Port Staceyborough,N1H 7XE,4732.57
CRM-10988,Stephen,Graham,1989-11-07,"Flat 91
Paula Motorway",Shannonfurt,S9J 9BN,2124.68
CRM-10989,Guy,Jones,1993-05-27,14 Davies Glen,Barnesland,PH8Y 4GL,3724.23
CRM-10990,Wayne,Franklin,2002-02-24,728 Frank Port,East Nathanside,BB62 2WW,814.89
CRM-10991,Adam,Ellis,1983-06-19,2 Samuel Via,North Jeffreybury,B01 7SR,2103.68
CRM-10992,Geoffrey,Thomas,1947-08-02,"Studio 61a
Bryan Field",Jacquelineland,BN3 5JD,540.16
CRM-10993,Joan,Dennis,1948-10-12,"Flat 68P
Gordon Island",Michelleshire,WA1 0HA,2472.27
CRM-10994,Clare,Lee,1973-01-25,5 Curtis Summit,Williamsland,BA0 6RS,2070.17
CRM-10995,Max,Green,1946-06-12,"Flat 41T
Geraldine Ville",West David,NP51 9YL,4760.03
CRM-10996,Marian,Jones,1981-02-18,83 Burton Flats,Andreaberg,NN99 2RZ,211.95
CRM-10997,Kelly,McKenzie,1981-06-26,688 Megan Pines,Gillland,BB5 2QT,1884.12
CRM-10998,Martin,Pearce,2006-08-01,"Flat 9
Malcolm Brooks",East Sharonstad,WD89 6AN,2244.75
CRM-10999,Jason,Fisher,1945-12-15,"Flat 17
Goodwin Island",South Hollymouth,SO1 7NR,4755.25
CRM-11000,Mandy,Gallagher,1950-08-20,824 Tina Station,Singhchester,DD2 9UP,4284.48
