first_name,last_name,dob,address,city,postcode,public_record_id
Jamie,Booth,1962-10-18,"Studio 1
Preston Harbor",Marshallmouth,CW1 0RR,PUB-10325
R,Stevens,1966-12-26,488 Neil Camp,Evansberg,HX9 3LN,PUB-10275
Paula,Wood,1958-07-09,69 Liam Field,South Gavin,GU0 3EU,PUB-10122
Naomi J.,Reed,1960-11-27,10 Brown Green,North Glennburgh,CW185ZZ,PUB-10179
Sheila A.,Powell,1958-11-02,05 Lawrence Ports,Chandlerhaven,W417SU,PUB-10622
Charles,Williams,1982-07-10,"Studio 80
Begum Cove",West Connor,G49HP,PUB-10017
J,Watson,1970-01-10,"Studio 2
Williams Parkways",Carterfort,S6 4ZX,PUB-10472
Nicola,Steele,1972-09-23,6 King Keys,Jonesside,CF126SH,PUB-10542
Owen L.,Webster,1981-01-29,"Studio 19
Mohammed Rds",Garethchester,W7T 1XS,PUB-10644
Eleanor,Marsh,1977-06-18,"Studio 79
Oliver Union",Gregoryburgh,M9 0UY,PUB-10318
Neil,Harding,1984-08-13,"Studio 6
Khan Junctions",North Graeme,DD67DG,PUB-10731
Edward,Bennett,1975-06-14,"Studio 57p
Gibbons Canyon",Atkinsonfurt,B8B7BJ,PUB-10289
Jayne,Allen,2008-06-18,780 Michael Islands,Swifttown,DG216LL,PUB-10863
Beverley,Austin,1979-12-23,"Studio 22u
Valerie Summit",Port Carlyside,SL8 6GJ,PUB-10916
Douglas P.,Hawkins,2000-11-21,"Studio 76K
Moran Throughway",Claremouth,B7B1RJ,PUB-10246
Paige,Jones,1948-01-19,50 Robertson Union,Amandafurt,LA6N 7UQ,PUB-10087
C,Shaw,1963-05-02,401 Ward Turnpike,Amandahaven,S9 4BS,PUB-10022
Lynn,Turner,1958-08-22,"Flat 89
Johnson Loaf",Dianastad,KY5 3PX,PUB-10726
Anthony,Hussain,1951-07-29,"Studio 7
Karen Shoals",Lynnside,N569RQ,PUB-10787
Jake,Parry,1962-01-17,"Flat 74
Ronald Villages",New Oliverburgh,CM8 2DA,PUB-10462
Dennis B.,Holmes,2003-08-07,"Studio 74
Colin Roads",Nortonton,N22TX,PUB-10018
Cameron,Frost,1966-02-26,617 White Shoal,Owenville,E18JA,PUB-10493
J,Wilkinson,1988-07-24,246 Jayne Knoll,New Helen,E85 8XW,PUB-10084
Marc,Hobbs,2002-02-21,64 Simon Plaza,Walkerfort,EC0 1EY,PUB-10203
Mitchell,Clayton,1957-06-28,3 Luke Island,South Elliot,DE3 5QF,PUB-10350
E,Walker,1993-07-04,"Studio 89
Gordon Hill",Williamsonland,G810SL,PUB-10218
Mark,Johnson,1985-12-06,9 Alexandra Light,Lake Callummouth,RG5E3NH,PUB-10554
Mandy,Nash,1987-04-14,"Studio 8
Leonard Crescent",West Louisstad,L730QB,PUB-10735
A,Young,1974-05-24,"Flat 91M
Mahmood Port",Karenland,DA089SN,PUB-10560
Wendy,Nicholls,1948-12-18,"Flat 65R
Perkins Burg",Antonyport,KT0 5NB,PUB-10664
Catherine S.,Green,1957-11-28,"Flat 23
Curtis Falls",Michaelport,G69 1FD,PUB-10522
Julian C.,Hyde,2002-07-27,"Flat 2
June Gateway",Maryshire,WN4H6AS,PUB-10740
Lewis L.,Sims,1946-05-09,"Flat 4
Lawrence Course",Frankville,M90UL,PUB-10866
P,Brown,1960-04-07,"Studio 3
Webb Fords",Graememouth,CV8B 3QR,PUB-10569
Beth,Ellis,1966-12-03,"Studio 3
Danny Mountain",South Linda,DH49AF,PUB-10695
Jacob,Hill,1975-02-21,76 Hunt Springs,North Staceystad,PO454EL,PUB-10322
R,Johnson,1971-11-28,58 Vanessa Mills,Leahland,B94 8DH,PUB-10423
Elliot,Cooper,1975-12-16,"Flat 49U
Elliot Shoal",Hazelbury,E7 2RW,PUB-10112
L,Bond,1955-05-28,58 Marshall Groves,Sophietown,E34JX,PUB-10862
George,Hussain,2005-07-05,"Flat 46N
Elizabeth Gateway",New Ann,IP296BJ,PUB-10459
C,Berry,1955-04-06,440 Cameron Hollow,Port Debramouth,N43 8WF,PUB-10893
Pamela,Hill,1957-10-23,"Flat 47
Roberts Lock",Paigefort,CB3 4ST,PUB-10626
Gregory,Smith,1946-11-21,"Flat 49Z
Talbot Stream",East Katieshire,AB297DG,PUB-10936
Leah,Price,1994-09-25,9 Lisa Loop,Barbaratown,W93 1LP,PUB-10291
Vincent,Begum,1977-10-05,"Studio 65
Richardson Junctions",Shanestad,JE6W5PE,PUB-10481
Louis J.,Hall,1956-02-11,"Flat 10
Richards Brook",East Joseph,B73BR,PUB-10118
J,Ward,1998-08-01,"Flat 1
Sandra Crest",West Karl,HU85 6NF,PUB-10946
H,Faulkner,1999-06-21,"Studio 23j
Norris Loop",East Kathryn,BD9E 9DN,PUB-10335
Ronald,Slater,1994-08-06,"Studio 00
Jordan Row",Naomiborough,S9S7XN,PUB-10096
Jeremy B.,Lee,1996-08-03,"Studio 93
Kerry Trafficway",South Martin,W15 4ER,PUB-10395
Rosemary,Sullivan,1968-05-25,"Studio 5
Stuart Motorway",South Geraldtown,DT3R3UP,PUB-10443
Angela,Edwards,1952-08-02,1 O'Donnell Brook,Braytown,S45RY,PUB-10327
Elliott K.,Thomas,1946-07-11,42 Hall Row,South Jessicaberg,MK1 2HP,PUB-10744
Carly,James,2000-11-22,816 Brown Inlet,East Maurice,DG321NE,PUB-10078
Julie,Matthews,1980-05-14,"Studio 1
Jacob Vista",Rosemaryville,DA5P2JU,PUB-10678
Clive D.,Potter,1993-02-07,"Studio 2
Dominic Glen",Williamsport,L261YA,PUB-10594
Antony J.,Smith,1952-07-09,965 Morgan St,Kellytown,L192GU,PUB-10642
W,Fry,1990-12-05,"Studio 71
Abigail Station",Ashleyshire,L2C 1FQ,PUB-10937
William B.,Dunn,1963-10-04,0 Paige Hill,New Elizabethberg,L0 6RF,PUB-10525
Melissa B.,Atkinson,1958-06-23,87 Shaw Parks,North Lisahaven,EC390BN,PUB-10099
Lydia,Douglas,1952-08-18,612 Kelly Stravenue,Ianland,B2 8DY,PUB-10223
Maureen J.,Kennedy,1975-08-29,81 Hall Springs,Tomtown,B00DP,PUB-10874
Gareth C.,Moran,1952-03-30,0 Cooper Way,North Graemeton,WD9B 7BE,PUB-10304
Charlotte,Forster,1982-08-31,"Studio 09Z
Philip Estates",West Shaun,L7U0PR,PUB-10847
S,Powell,1992-03-05,7 Edwards Shoal,Port Josephfurt,B45 0RZ,PUB-10985
L,Clark,1951-03-26,"Flat 18
June Oval",Shirleytown,S1T3YZ,PUB-10686
Mohammed,Barlow,1947-08-29,04 Shannon Heights,Port Clare,W8J 9EL,PUB-10146
Christian,McLean,1976-03-31,07 Gordon Via,Robsonhaven,ME6X 6TU,PUB-10145
J,Jones,1962-07-03,26 Josh Falls,West Jill,W3T1EG,PUB-10797
Shirley,Lee,1979-07-15,"Flat 77D
Jay Extension",Lake Janice,DE801BA,PUB-10125
Christian,Smith,1999-10-18,2 Jackson Passage,Graemeshire,G2H 9PN,PUB-10441
Georgina,King,1956-10-06,571 Chandler Union,Lorrainefurt,S3K 6EJ,PUB-10790
Gerald,Bowen,1976-04-27,34 Gregory Ports,Port Karen,NR1 1NT,PUB-10449
G,Brown,2002-06-20,49 Hodgson Corner,West Kathrynfurt,BA660JH,PUB-10605
H,Harrison,1971-12-22,91 Coleman Mission,Benton,PH51FD,PUB-10796
Dylan,Bates,1984-12-28,"Studio 16
Sullivan Turnpike",Gerardville,W22WN,PUB-10579
Glenn R.,Holland,1961-07-14,"Studio 1
Benjamin Grove",Lake Caroleton,L8 6ZW,PUB-10480
Gail,Morton,1946-09-11,589 Lynne Wall,Port Staceystad,L8C2EG,PUB-10712
James,Pearce,2000-12-05,"Flat 27
Debra Square",Paulinechester,HR7X 4EF,PUB-10532
Terry,Blake,1967-03-28,537 Sutton Points,South Glenborough,L1J 9DY,PUB-10562
Lucy S.,Barnes,1961-10-31,"Studio 3
Davies Ports",Hallport,MK86 3ZF,PUB-10080
Gerard,O'Brien,1995-02-05,"Studio 62L
Gareth Fords",Alicehaven,BR91AS,PUB-10355
Mohammed,Wood,1968-11-16,"Studio 91
Gemma Lights",North Andrew,S292UZ,PUB-10237
Abbie,Jackson,1976-12-07,938 Davies Falls,Lorrainetown,AL1A 1WE,PUB-10323
Timothy,Vaughan,1986-04-13,"Flat 74
Joanna Summit",Dyermouth,BH6 1TS,PUB-10716
M,Wright,2001-08-24,"Studio 1
Holmes Squares",Hewitthaven,W7B 6PZ,PUB-10043
Geraldine,Moran,1992-07-13,459 Gerald Dale,Gouldstad,SN87 3ZD,PUB-10113
Leonard,Storey,1995-04-17,"Flat 14
Ellis Knoll",Lake Eileen,WF3Y 1UB,PUB-10568
Alan S.,Jones,1952-12-30,0 Gallagher Track,East Amandastad,ST27 8HH,PUB-10743
Annette,Clarke,1949-03-21,818 Byrne Run,North Maureen,L238ZX,PUB-10872
Benjamin,Ahmed,1968-08-24,3 Paula Mission,South Justin,LL37XE,PUB-10012
Sean K.,Briggs,1951-04-10,04 Charlene Parkways,Lordtown,FY8 1PT,PUB-10649
J,Jones,1978-12-26,87 Rogers Turnpike,Lydiaton,B3B 9YX,PUB-10737
Leigh,Sykes,1964-10-31,"Studio 40
Hannah Rapid",North Dennisport,G44 1AU,PUB-10070
Samantha,Jones,1977-10-06,3 Moore Hills,Greenland,W94 9SX,PUB-10963
K,Hughes,2008-07-20,"Studio 5
Jones Row",South Ianville,OL234QW,PUB-10474
L,Frost,1966-05-07,11 Allan Neck,East Jennabury,W0A 1SF,PUB-10153
Barry,Jones,1959-01-15,"Studio 9
Chelsea Ridges",East Steven,TF69DE,PUB-10279
D,Warner,1955-03-30,93 White Plains,North Stephanie,L4J8WJ,PUB-10967
C,Green,1951-10-16,33 Jason Loaf,Kayleighhaven,W377NY,PUB-10761
Alex,James,1964-05-09,07 Francis Rds,West Susanfort,G4F 5ZX,PUB-10772
Samuel J.,Hughes,1983-02-10,7 Davies Valley,West Gemma,CF72NB,PUB-10965
Samuel A.,Thomas,1977-08-02,86 Barker Square,South Oliviabury,B62QN,PUB-10342
Amy,Khan,1988-06-23,2 Charlie Parkways,Patelfort,LU0A0AW,PUB-10126
Brett S.,Turner,1963-02-17,"Flat 71
Robinson Flats",Carpenterfort,G83ZE,PUB-10326
William,Haynes,1994-08-15,13 Singh Ways,Lake Rosemary,E020UZ,PUB-10331
Shirley,Smith,2006-07-26,976 Hannah Forge,Gordonport,DY9 2XY,PUB-10729
Kate P.,Kemp,1951-12-18,"Flat 80M
Rhodes Harbor",Matthewsview,RG0 7ZT,PUB-10646
Katherine,Clark,2006-06-20,799 Burton Summit,Bernardville,DY16HR,PUB-10338
Kyle,Hart,1995-11-12,004 Kay Plain,Port Lydiachester,ML8E 0HE,PUB-10738
Kimberley G.,Smith,1948-10-02,"Studio 6
Thornton Sts",Williamschester,N62AN,PUB-10976
Ruth,Austin,1973-10-06,792 Christian Village,Harrisfort,M97XT,PUB-10356
Frederick A.,Thompson,1988-02-14,"Studio 15b
Fisher Way",Port Shaun,IG32 3PF,PUB-10675
Hilary J.,Carr,1950-11-15,"Flat 88E
Catherine Cliff",Mohamedborough,MK21FX,PUB-10825
Kathleen,Welch,2002-05-22,592 Nash Falls,Lake Jennifer,S57ZN,PUB-10079
G,Turner,1986-11-09,9 Gibson Bridge,Port Dylan,E7B 5GN,PUB-10539
Deborah,Grant,1997-06-30,63 Duncan Corners,Clarkton,SG20FA,PUB-10159
Louise,Murphy,1984-02-28,24 Pamela Landing,Anthonyberg,GL7 9GX,PUB-10349
Hayley,Pearson,1971-07-02,"Studio 91
Browne Neck",Port Jake,PH8 4HA,PUB-10239
Toby M.,Jenkins,1970-01-27,"Studio 5
Hewitt Hill",East Lauraton,CV9 1ZH,PUB-10612
Jacqueline,Cooper,1987-09-30,"Flat 73
Patterson Route",Petersport,KA2Y 2QW,PUB-10929
Lorraine,Fletcher,1946-03-10,"Flat 6
Peters Springs",Zoemouth,N9S2NW,PUB-10638
Ryan C.,James,1980-07-01,14 Gary Hollow,Port Lewisville,L9D 5AD,PUB-10363
Molly,Davies,2004-01-13,20 Patrick Viaduct,East Denise,SN8H 7NN,PUB-10588
Benjamin,Randall,1985-10-26,687 Leigh Row,Thorntonmouth,KT6E 6GX,PUB-10120
Denis,Adams,1989-03-16,"Flat 89
Mark Row",New Pauline,WR215JP,PUB-10208
Justin,McDonald,1972-04-24,"Studio 63
Jay Views",Christianbury,CR8Y 6JH,PUB-10918
M,Pearce,2006-08-01,"Flat 9
Malcolm Brooks",East Sharonstad,WD89 6AN,PUB-10998
Bethany,Davis,1979-07-07,264 Higgins Walk,Lake Hollyside,BT34NP,PUB-10670
N,Watson,1974-08-15,1 Simpson Fall,North Katherinemouth,S2S3BE,PUB-10492
Harry,Hall,1958-09-09,"Flat 3
Leonard Springs",Alexland,M3D 5BL,PUB-10433
Alex T.,Williams,1968-07-05,027 O'Donnell Cove,Port Lawrence,E148RW,PUB-10944
Alison R.,Carr,1981-04-08,420 Anne Junctions,Rogerborough,KT7 8GS,PUB-10545
Alison,Jones,1995-08-02,29 Roberts Flat,South Lauraburgh,WS69 0AX,PUB-10387
Kenneth,Murray,1968-05-10,"Studio 8
Gregory Dale",Sharpeville,CW7 2AP,PUB-10110
Steven K.,Lewis,1964-07-04,"Flat 82
Smith Mountains",Batesville,KY5P7BE,PUB-10011
Lisa,Moss,1951-07-14,"Studio 93
Smith Drs",Coatesmouth,NP23 9XH,PUB-10285
Naomi,Godfrey,1947-04-12,"Studio 5
Dobson Points",South Karen,B378HA,PUB-10645
C,Reid,1946-01-15,063 Hanson Coves,South Naomi,M4W 9QZ,PUB-10240
D,Davies,2003-12-05,67 Adams Locks,South Craigmouth,HG18AX,PUB-10045
Kate,Barrett,1981-12-30,"Flat 53
Harriet Underpass",Malcolmhaven,W3T7ZD,PUB-10447
Matthew,Williams,1989-11-19,"Flat 21
Charlotte Unions",Lake Russellborough,M3K 5TB,PUB-10781
Rachael,Mason,1989-06-15,"Studio 0
Jeremy Valleys",Anneburgh,EH1 5QF,PUB-10561
Jessica N.,Mills,1989-06-13,3 Kimberley Throughway,Port Seanberg,NN46 3HP,PUB-10312
Cameron,Humphreys,1979-08-25,52 Morrison Square,Lake Charlenemouth,M0 3HH,PUB-10884
N,Harris,1996-04-07,"Studio 8
Preston Glen",East Joyce,FY6B2HU,PUB-10559
P,Brown,1970-09-26,"Flat 35
Terry Rds",Fitzgeraldside,OX52PY,PUB-10770
Frank,Curtis,1998-05-07,"Flat 7
Graham Circle",South Terryland,B70 9SD,PUB-10438
Brandon,Hudson,1960-11-25,"Studio 41
Chapman Plaza",Malcolmport,E8S 9YF,PUB-10095
M,Howard,1980-03-24,850 Ahmed Union,Wardmouth,IG0 7US,PUB-10826
B,Smith,1975-06-22,"Flat 7
Whitehead Keys",Burkeburgh,S26QN,PUB-10652
Eileen,Collins,1963-10-13,1 Bethan Locks,Ronaldhaven,M6E 0JS,PUB-10881
Alexandra A.,Parry,1978-12-19,5 Rachel Corners,Irenefort,E03 4DU,PUB-10181
Ricky,Parker,1960-09-17,"Studio 3
Kelly Mills",Nicholsonfort,HD17 1RS,PUB-10209
Maria,Miller,1996-04-16,"Flat 9
Dawson Fords",Marcborough,FY8 7EL,PUB-10305
Brandon,Jenkins,1983-11-18,84 Hunt Mission,Savageton,PH0 4AN,PUB-10274
Diane,Johnson,1976-06-24,"Studio 76
Wilson Manors",New Dawnbury,MK4P0BY,PUB-10316
Harry,Owen,1989-10-29,48 Marilyn Causeway,Lake Michaelton,CH6R1XL,PUB-10201
Lindsey Y.,Howard,1987-07-16,"Studio 01
Hamilton Forge",North Daleside,DG38 9GX,PUB-10272
Diana,Hopkins,1976-08-03,5 Hall Green,Chelseaview,CR625FZ,PUB-10932
Maurice,Hunter,1978-12-28,"Flat 63
Geoffrey Vista",New Gail,KA0 3YT,PUB-10909
C,Chambers,1962-09-09,"Studio 47
Hugh Parkways",Lewisport,WR8 5LX,PUB-10687
Colin T.,Morris,1979-01-17,"Studio 0
Anna Squares",Port Marcustown,NG843HH,PUB-10904
Gordon,Dixon,1952-08-29,95 Shane Haven,New Kenneth,L9 4HX,PUB-10535
Jack,Ellis,1960-08-07,497 Thomson Isle,Jonesside,N55TF,PUB-10669
Gerald,Shaw,1962-06-26,"Flat 18
Ali Locks",Sullivanport,L2 1PB,PUB-10831
Benjamin,Williams,1954-06-14,45 Harrison Street,Elliottmouth,DY1 2YE,PUB-10166
Irene,Hall,1999-01-21,01 Hawkins Hills,Katemouth,LD9M 2HG,PUB-10402
Abigail,Coleman,1996-08-03,5 Molly Station,Lake Edward,E61 7BP,PUB-10647
Mitchell,Johnson,1979-08-27,"Studio 6
Ruth Plain",West Jake,BT8 2XP,PUB-10158
J,Porter,1972-02-07,"Flat 49
Howard Centers",Martynside,LA47FD,PUB-10693
Jessica,Jackson,1967-09-14,"Studio 42
Smith Mountains",Claireburgh,KW365RL,PUB-10251
Edward C.,Rhodes,1965-05-22,"Studio 59f
Roger Inlet",Oliverton,E0K3GR,PUB-10834
L,Watson,1977-02-05,"Flat 56i
Duncan Forge",New Gordon,SE9N 8SQ,PUB-10749
Beth,Banks,1959-11-20,11 Elaine Plaza,North Patriciahaven,E41RN,PUB-10257
Diana J.,Anderson,1995-07-01,2 Cox Walk,East Guy,BR2E 7FA,PUB-10574
Jason,Morris,1986-08-30,"Studio 16I
Christopher Locks",North Ronaldfort,SM69 4ZZ,PUB-10403
F,King,1993-09-19,20 Morrison Parkway,Port Joanport,WA9R 9WU,PUB-10957
S,Phillips,1954-06-18,"Studio 5
John Mount",North Shannonborough,M2F3QN,PUB-10016
Patricia,Woods,1953-12-26,5 Wright Fall,Foxstad,CW4 4AR,PUB-10190
Amy,Cook,1976-06-01,"Studio 1
Pugh Shores",Karenberg,LN1B 1SE,PUB-10065
Brandon,Perkins,1953-04-21,"Flat 69N
Clive Fields",Declanfort,TR022TX,PUB-10300
Bernard,Smith,1964-11-23,"Studio 22H
Matthew Bypass",Victorfort,WR842XG,PUB-10258
Diana,Bird,2004-01-20,"Flat 3
Greenwood Rd",South Geoffrey,L2E1BG,PUB-10042
S,Pearson,1994-08-18,"Flat 82s
Daniel Skyway",South Gemmaport,TQ443EQ,PUB-10883
Eileen,Blackburn,1961-02-13,34 Adam Locks,Fosterberg,N20WS,PUB-10388
Dale,Buckley,1985-07-19,"Studio 72
Wood Loaf",Leestad,TR29 4DU,PUB-10408
Frederick,Barker,1988-11-27,"Studio 6
Elliot Hollow",Kyleshire,SK593LF,PUB-10582
M,Davison,1995-04-08,"Flat 34
Kevin Prairie",Lake Terryton,W80WD,PUB-10014
Robin,Hicks,1964-05-16,"Flat 3
Wilson Fall",Stephenside,M002UE,PUB-10038
Vanessa,Ali,1970-05-31,"Flat 55
Stewart Extension",Ambermouth,G7A3QF,PUB-10280
A,Jones,1956-09-08,"Studio 1
Thomas Knolls",Murphyville,WN2B 1HN,PUB-10394
Liam,Smith,1983-02-20,88 Garry Green,Georginaberg,B67 2JD,PUB-10873
H,Osborne,1994-09-18,7 Smith Light,West Geoffreyland,BT609XX,PUB-10974
Oliver,Palmer,1976-05-30,"Flat 55
Vanessa Grove",New Heatherburgh,L2H 4XJ,PUB-10004
Owen,Fitzgerald,1984-11-08,"Flat 86k
Clarke Camp",North Grace,WC49SR,PUB-10822
Lucy,Davies,2005-07-31,"Studio 52C
Pauline Mills",Henryshire,N84TT,PUB-10074
Jenna,Turner,1957-10-20,737 Holden Cliff,Daviesberg,GU3M 6RD,PUB-10137
Danielle T.,Moore,1975-03-28,"Studio 03k
Khan Green",Katyside,B70 1PZ,PUB-10380
Nicole,Allan,1952-09-26,"Studio 76g
Jeremy Plaza",Loweburgh,W5F 5SS,PUB-10273
Gerard,Nolan,1950-12-08,"Studio 4
Stevens Views",Chelseaview,E99 3BW,PUB-10107
Bryan,Pearce,1983-01-20,8 Denise Manors,Greenshire,HU48AE,PUB-10401
Joshua C.,Flynn,1987-07-18,476 Long Harbors,Khanborough,WV8H 6QU,PUB-10171
Victor,Smith,1974-06-21,7 Benson Key,Colefort,PH634LW,PUB-10627
J,Dennis,1948-10-12,"Flat 68P
Gordon Island",Michelleshire,WA10HA,PUB-10993
Pauline,Rice,1945-12-09,"Studio 33S
Shannon Mount",Neilton,W9C5XJ,PUB-10640
Katie,Fox,1990-11-30,"Flat 4
Michael Summit",Fionabury,E9U 9AP,PUB-10956
Deborah,Hammond,1977-07-20,4 Finch Crossing,South Angela,B37 8HU,PUB-10264
Joanna,Thompson,1997-02-03,36 Spencer Parkway,New Ricky,S5 7XG,PUB-10867
Luke,Baker,1964-06-06,842 Joyce Manors,North Irene,B0B9LN,PUB-10810
Hannah,Rowe,1999-05-14,112 Porter Brook,East Williamhaven,N660RF,PUB-10891
N,Jenkins,2004-10-14,"Flat 9
Marie Villages",New Neilville,N996BQ,PUB-10719
Janice,Carter,1962-03-28,6 Donald Plains,Heathertown,AB61HW,PUB-10164
Terry,Bradshaw,2008-06-03,34 Henderson Garden,Natashaview,ZE0A7JA,PUB-10900
Ellie,Hughes,1999-04-16,"Flat 07G
Bull Rest",West Gareth,BS9Y2RH,PUB-10814
Neil,Bowen,2008-02-08,3 Dixon Club,Paigeshire,BD2N3YF,PUB-10129
J,Noble,1991-02-28,5 Kelly Glen,Ambermouth,E02AU,PUB-10337
James,Andrews,1988-07-13,49 Talbot Rapid,New Lawrence,SR5 5YU,PUB-10769
Kayleigh,Roberts,1995-09-28,660 Stone Valley,North Ruth,M41 4WX,PUB-10299
Maria B.,Hussain,1998-03-02,90 Collins Corner,Port Jemma,N4 4TP,PUB-10804
Lee,Jenkins,1990-06-01,"Flat 43K
Walker Isle",Port Linda,W517SQ,PUB-10614
John,Barnes,1955-10-24,35 Webster Union,Turnermouth,TQ0N 2BL,PUB-10263
Nicola B.,Martin,1958-02-04,01 Holland Crescent,West Chloe,N00 3NG,PUB-10444
Ian,George,2002-02-25,"Flat 1
Hall Plaza",South Alexandraborough,PL70TE,PUB-10075
Mandy,Foster,1952-05-15,"Flat 1
Read Island",East Melissaborough,E3A 4XX,PUB-10852
Ben,Hughes,1969-02-24,"Flat 52
Hope Crest",West Anneview,E4T7TW,PUB-10160
J,Pearce,1948-04-28,50 Tina Stream,South Sallyland,RH4 6AG,PUB-10666
Rachel,Smith,2007-06-04,"Flat 8
James Rapids",South Jacquelinetown,B03DL,PUB-10523
Marilyn,Allen,1951-09-09,46 Wayne Junction,South Alexandraton,S4B 8SF,PUB-10278
Janet E.,Jones,1982-04-03,9 White Tunnel,New Philipmouth,PO878FZ,PUB-10915
Janet,Burgess,1960-03-04,19 Paula Ferry,Victorborough,CH479RZ,PUB-10142
G,Ellis,1973-01-03,902 Marc Villages,East Ryanmouth,N35TW,PUB-10189
Marcus,Wilson,1963-11-01,1 Aimee Key,Coatesshire,B68 8UY,PUB-10183
Rebecca,Morgan,1964-04-22,"Flat 36l
Geraldine Flat",North Annachester,N887SS,PUB-10953
Chelsea H.,West,1989-09-28,5 Smith Row,North Jill,IM1 4XN,PUB-10221
W,Morris,1953-07-14,06 Collier Coves,South Marilynburgh,G5 1JD,PUB-10531
Damian G.,Charlton,1993-04-25,"Flat 11
Hunt St",Irenehaven,E84NX,PUB-10961
Suzanne,Bowen,1993-06-01,"Studio 8
Francesca Run",New Robertmouth,CM5P 6GA,PUB-10432
Cameron,Gibbs,1977-06-29,48 Brennan Loop,North Lydiaberg,B8H8GT,PUB-10795
Shaun S.,Townsend,1984-10-15,"Flat 11l
Smith Mountains",Angelaberg,W0 4RS,PUB-10540
Thomas,Smith,1982-10-21,"Studio 83
Jeffrey Dr",Lake Damienton,B99 5DB,PUB-10295
Gillian S.,Taylor,1977-02-27,"Flat 26
Giles Well",Port Elliott,WR26 0SG,PUB-10766
P,Campbell,1974-11-28,620 Mohamed Ford,South Bethan,M4E 1BR,PUB-10180
S,Benson,1960-03-24,"Studio 2
White Green",Lake Michael,S461YE,PUB-10871
Abigail,Dean,1985-12-08,"Studio 81
Khan Mountain",Charleshaven,W94BR,PUB-10835
Jay,Grant,1981-04-04,7 Ryan Centers,Sophiechester,CB451EB,PUB-10955
Gillian,Pearce,1991-01-10,"Flat 07u
Holly Forest",Garrymouth,WS98AW,PUB-10035
Dorothy,Gibbs,1973-01-29,"Studio 42
Griffiths Glen",Stephensonberg,E07AG,PUB-10369
Thomas J.,King,1980-07-12,"Studio 66
William Crescent",Heathland,L90BD,PUB-10901
Glenn,Robinson,1951-04-19,3 Scott Pine,West Christine,IP69BP,PUB-10076
Jason,Davies,1990-09-14,"Studio 08
Hayley Landing",Valerieshire,LU2 6JY,PUB-10249
Marie C.,Blackburn,1987-03-21,07 Powell Throughway,Thomasmouth,S9 7ST,PUB-10841
Kirsty,Lewis,1974-03-21,"Flat 7
Elliott Ln",Stanleyville,CB358PG,PUB-10375
D,Thomas,1948-03-16,578 Bray Passage,West Molly,CW6 9PW,PUB-10102
Alice,Coleman,1953-03-21,379 Dixon Squares,Collinsberg,E660US,PUB-10785
Victoria J.,Parsons,1990-07-22,3 Wright Spurs,Port Stewartville,DA00TS,PUB-10374
Ruth,Graham,1956-02-25,081 Connor Cliffs,Cameronfurt,UB33AA,PUB-10791
A,Chambers,1968-11-16,"Studio 72
Taylor Falls",South Brettburgh,RH0 7LH,PUB-10197
Gary,Clarke,1984-05-04,430 Davies Motorway,South Jemmaton,KY61WT,PUB-10435
Melanie,Bates,1991-08-11,335 Clarke Lights,Mohammedland,M4 8ZW,PUB-10199
Damien D.,Townsend,1948-08-06,"Studio 9
Armstrong Junction",Jonesberg,W77 5DZ,PUB-10422
Ann,Webb,1980-06-05,"Flat 23
Griffin Summit",Lake Julianfort,W6F 3BB,PUB-10848
M,Marshall,1969-06-24,"Flat 5
Robertson Turnpike",North Vanessafurt,ML22ZT,PUB-10089
Denise,Holt,1995-12-20,"Studio 59
Arnold Underpass",Jayneport,G491SP,PUB-10926
Maureen C.,Parsons,1985-04-18,89 Pickering Mountain,Hansonfort,FK6 2TJ,PUB-10450
Rebecca,Marshall,1992-07-13,"Flat 12i
Karl Creek",Lake Roytown,W238HD,PUB-10404
Melanie K.,Jones,1959-10-31,"Flat 4
Williams Plains",Marcchester,EN98 8GA,PUB-10377
Frances,Dobson,1977-10-04,148 Green Terrace,Lake Dylan,L203UZ,PUB-10025
J,Glover,2003-03-25,"Studio 40
Wilkinson Lane",New Billystad,L1A 4DJ,PUB-10003
W,Franklin,2002-02-24,728 Frank Port,East Nathanside,BB622WW,PUB-10990
Yvonne M.,Duncan,1987-01-22,"Studio 4
Wilson Fields",Teresaville,YO8W 1UZ,PUB-10921
Lydia,Harrison,1970-03-24,952 Ashley Path,Christinefort,HR21 2WJ,PUB-10360
Gary,Harris,1954-09-18,458 Whittaker Square,New Kevin,E76ZP,PUB-10297
Sam,Long,2006-01-18,784 Amy Creek,Patrickport,DD67WD,PUB-10860
Geoffrey,Thomas,1947-08-02,"Studio 61a
Bryan Field",Jacquelineland,BN3 5JD,PUB-10992
T,Chambers,1952-01-16,"Studio 68
Mark Ferry",Port Richard,E5 1XF,PUB-10887
Jeremy L.,Barrett,2003-09-24,1 Joanne Camp,Alexberg,BA93 0RS,PUB-10512
Chelsea,Thompson,2004-05-29,"Studio 31
Sophie Ridges",Norrisshire,B744PF,PUB-10635
Bruce,Holt,1975-05-07,"Flat 25
Nathan Field",Kathleenside,SY8 6ZD,PUB-10723
Tracey,Clarke,1970-10-09,37 Vincent Mission,East Lewis,M6 3GP,PUB-10098
Hayley,Davies,1978-02-26,260 Samuel Crossroad,East Harriet,B9C 2LG,PUB-10235
Paige,Parker,1959-01-27,137 Aaron Lodge,Ericton,WF019WU,PUB-10886
Elaine,Campbell,1959-07-17,61 Johnson Squares,South Stuart,E4B7HZ,PUB-10202
Frank C.,Fox,1946-08-19,02 Carey Summit,South Lucystad,E7J9BW,PUB-10062
Jemma,Andrews,1978-06-03,647 Charlene Circle,South Elizabeth,LL355PQ,PUB-10097
Paul,Watson,1950-01-17,"Flat 17
O'Neill Trafficway",Lewisfort,PO4B1QG,PUB-10846
Dale,Bull,1968-09-25,"Flat 04Y
Hughes Knolls",Williamsshire,IM1W3DD,PUB-10131
H,Thomas,1946-03-09,"Studio 59x
Harper Orchard",East Sean,SL88RW,PUB-10840
Alan,Randall,1945-07-27,948 Abbie Skyway,Gilesstad,L7 8ZZ,PUB-10210
C,Brown,1967-08-29,751 Watts Gardens,Foxhaven,S43PG,PUB-10072
Pamela,O'Brien,1959-02-09,"Studio 34
Nicholas Villages",Rhysfurt,CA57EP,PUB-10922
Conor,Read,1956-01-20,"Studio 2
Jayne Islands",North Kevin,IP1 2SP,PUB-10426
Jodie S.,Griffiths,1995-05-13,632 Eleanor Court,Lake Jacob,ME6M7ZJ,PUB-10665
Lewis,Taylor,1964-06-09,905 Bartlett Extension,Georgiatown,JE6X1HW,PUB-10648
S,Edwards,1993-10-30,"Studio 6
Nicholls Forge",Atkinshaven,S9B8QX,PUB-10192
J,Robinson,1997-10-09,"Flat 78
Evans Meadows",New Howardberg,HU78GB,PUB-10788
Carly,Parkes,1972-04-15,18 Hodgson Village,Bentleyborough,NR28SG,PUB-10750
Julia,Phillips,1973-09-29,"Studio 1
Sophie Passage",Annettestad,LU591TQ,PUB-10150
Roger,Iqbal,1964-03-11,"Studio 3
Gerard Green",East Dorothyview,E38 0ZB,PUB-10621
Leigh,Spencer,1982-12-22,"Studio 37Q
Holden Squares",Port Lewis,CO525NS,PUB-10658
Terence,Harris,1978-06-08,"Flat 30V
Lloyd Inlet",South Marianfort,N0 5NQ,PUB-10506
Kerry,Williams,1993-06-13,"Flat 9
Benjamin Village",New Paula,G581HY,PUB-10114
Gavin,Cook,1979-11-03,"Flat 8
Garry Forge",Smithville,G7C9PQ,PUB-10653
L,Morgan,1980-10-14,3 Mary Key,East Ruth,E537ZP,PUB-10442
L,Brooks,1990-04-12,"Flat 5
Jade Stream",Whiteburgh,MK8 5WR,PUB-10590
A,Wall,2003-06-28,"Flat 92C
Jeremy Village",Jessicachester,L61 1TE,PUB-10365
J,John,1994-11-10,"Studio 9
Ellis Ranch",Port Clivefort,AL38 3BZ,PUB-10243
Jacqueline M.,Jackson,1974-01-03,"Studio 3
Marian Fork",New Jasmine,E9K0PZ,PUB-10674
Derek,Marsh,1952-10-27,0 Butler Ridge,New Dale,B512WZ,PUB-10287
Jacqueline A.,Smith,1961-01-24,9 Bray Bridge,Juliehaven,WR8P 9GQ,PUB-10681
Margaret,Gill,2003-09-10,54 Raymond Locks,Rachaelstad,B06 2EG,PUB-10978
Kimberley,Gardner,1957-02-12,"Flat 72f
Ellis Meadows",West Connor,BH24QS,PUB-10392
M,Berry,1954-12-14,"Flat 03
Williams Junction",Lambertchester,M46 0LS,PUB-10660
T,Davies,1972-11-22,53 Alice Grove,Michaelmouth,HA4 1JF,PUB-10187
Stacey,Gilbert,2004-01-06,"Studio 7
Mason Mission",Port Edward,GL087GE,PUB-10673
T,Davies,1983-08-13,66 Marian Terrace,Barnestown,IP76 5AT,PUB-10439
K,White,1998-07-02,357 Pearce Route,Port Judithbury,DH5X6EP,PUB-10683
Olivia,Fisher,1983-02-04,"Flat 9
Kim Island",West Paula,GY014FL,PUB-10850
Frederick,Humphries,1995-09-20,"Studio 3
Hooper Road",New Molly,SL4M6HD,PUB-10261
Leah,Short,1983-03-20,"Studio 04n
Deborah Hill",Port Shanefort,CH378AQ,PUB-10156
Hilary K.,Saunders,1972-01-16,31 Brooks Land,North Charliechester,TD91XY,PUB-10466
Christopher,Mills,1966-05-26,951 Roy Rds,Claytonborough,CB29GT,PUB-10733
Guy,Jones,1993-05-27,14 Davies Glen,Barnesland,PH8Y 4GL,PUB-10989
R,Griffiths,1996-01-08,"Flat 32
Sian Sts",New Maryton,E3 8ZA,PUB-10001
Leanne,Hayes,1994-12-22,"Studio 70
Thomas Knoll",Lake Terence,ZE11QS,PUB-10964
Maria G.,Kirk,1997-06-06,"Studio 48U
Jake Islands",Clarkport,PH478SN,PUB-10366
D,Robinson,2000-07-30,2 Davey Manor,North Mollyview,B15ZA,PUB-10593
Tina K.,Bradshaw,2008-05-16,"Studio 37
Hodgson Run",Port Bernardshire,IV4 8JB,PUB-10842
Alison S.,Kay,1984-05-29,"Flat 5
Allan Villages",West Gillianland,E989FU,PUB-10849
Dale,Hall,1962-11-03,"Flat 07s
Liam Mills",Kateport,KW4R3RU,PUB-10053
J,Barker,1982-11-29,"Studio 41
Mitchell Canyon",Emilyland,HP4Y 2DE,PUB-10853
Terry G.,Lewis,1998-09-11,"Flat 69
Sylvia Stream",South Francesca,E3 8EW,PUB-10613
Anna,Martin,2002-01-10,335 Jodie Alley,Jacobberg,M2B 2AQ,PUB-10061
Kieran,Gardner,2003-11-28,635 Helen Stravenue,Mathewland,N1J2JW,PUB-10162
Justin,Wilkinson,1956-12-11,"Studio 64I
Kirby Port",Raymondville,UB313FW,PUB-10742
Jayne L.,Thomas,1975-03-22,67 Kerry Mills,South Danielland,M1 1YJ,PUB-10968
Jade,Kerr,1964-04-29,"Studio 34
Stewart Lodge",Georgeland,L1 9BD,PUB-10503
L,Oliver,1997-01-06,"Flat 53m
Valerie Parks",West Emilyville,W2 9RJ,PUB-10563
Lynne C.,Moss,2001-05-23,25 Lamb Rapids,North Mathew,E8 1PD,PUB-10499
Antony,O'Brien,1991-12-28,15 Abbie Wall,Robertstown,N29 7AU,PUB-10661
Georgia B.,Hayward,1986-05-06,413 Jenkins Mountains,Thompsonchester,G9W9WL,PUB-10236
Stanley J.,Bowen,1957-12-04,0 Kelly Mountains,Lyndaville,DE47 5NE,PUB-10514
Kenneth J.,Burgess,2006-02-18,50 Sharon Overpass,North Debra,G6B 0FL,PUB-10507
Rebecca,Palmer,1978-12-19,"Studio 76f
Smith Forks",Claireview,CW23 0RQ,PUB-10816
Grace,Ahmed,1967-04-22,074 Walker Lodge,Prattshire,OX3N 8UQ,PUB-10194
T,Morton,2003-11-12,342 Callum Common,Marshallville,B70HE,PUB-10362
Amy,Patel,2002-11-24,49 Kayleigh Square,Thomasmouth,L112UD,PUB-10741
Clare,Giles,2006-04-13,513 Martin Route,North Margaretborough,CH4A 5GR,PUB-10739
L,Hussain,1981-12-20,774 Sharon Union,Jodiebury,N3 8SR,PUB-10260
Christian,Thorpe,1996-08-03,4 Williams Road,Port Heatherburgh,M1 1LD,PUB-10479
Deborah P.,Fox,1969-03-26,"Studio 9
Ellie Squares",Jayneshire,G5 3NE,PUB-10143
E,Jones,1971-01-11,"Flat 62I
Griffiths Mill",Wadestad,KY0N 1HN,PUB-10508
Bradley I.,Woodward,2004-01-26,522 Patel Brook,Lake Claire,SR60HY,PUB-10945
Jodie,Smith,1947-07-30,8 Brett Flat,New Sophie,W46 6FD,PUB-10954
B,Gardner,1954-06-25,4 Suzanne Meadows,Chapmanberg,TS02 7FW,PUB-10252
Alexander G.,Baker,1993-11-04,"Studio 2
Angela Square",Harrisberg,L309EF,PUB-10491
K,Naylor,1972-02-16,"Flat 6
Smith Brook",Josephstad,E950QX,PUB-10085
Rebecca,Moore,2000-09-05,"Flat 06h
Taylor Rest",New Beverley,SA8E5PW,PUB-10254
Martyn R.,Chambers,1972-08-08,88 Carpenter Points,Smithport,N6T 1JT,PUB-10241
Jasmine,Bell,1954-05-02,"Flat 89u
Barlow Loop",Smithton,B3T 2EN,PUB-10541
A,Greenwood,1995-02-13,920 Clayton Drives,Lake Victoria,E654JX,PUB-10934
Terry,Lamb,1948-04-21,"Studio 0
June Causeway",Lake Elliotbury,HS51 8LW,PUB-10877
C,Powell,1996-05-23,"Studio 65
Ashley Pass",Greenton,G2 9DR,PUB-10006
Martin,Edwards,1961-07-07,"Flat 58f
Derek Fort",Faulknerborough,S68TS,PUB-10028
Nicola C.,Hill,1987-03-18,"Flat 4
Danny Center",Milesburgh,NE3W 6FB,PUB-10902
Ashley K.,Herbert,1993-07-17,29 Elliott Cliff,East Elliottberg,BB5P 4TL,PUB-10286
Russell,Riley,1951-07-14,"Flat 1
Kathleen Hills",Paigeburgh,SE03 0WN,PUB-10496
O,Clarke,1947-11-16,"Flat 2
Wayne Passage",Cookestad,S831PP,PUB-10617
Mary,Richards,1982-03-13,969 Webster Parkways,Swiftland,HR9 5BE,PUB-10973
Robin,Ball,1998-10-30,"Flat 8
Smith Island",Dickinsonmouth,JE407JP,PUB-10628
Samuel D.,Hall,1950-07-16,"Studio 5
Davis Locks",North Tonyville,CR5X 7TD,PUB-10461
Angela,Jennings,1959-08-10,"Studio 24
Jemma Locks",East Victoria,LL37PZ,PUB-10751
Leigh,Johnson,1958-09-01,"Flat 69U
Owen Trafficway",McDonaldside,L1K 1HL,PUB-10641
Kelly S.,Armstrong,1993-01-01,10 Carol Light,Fisherton,AL2B 6PY,PUB-10128
Chelsea,Brown,1950-09-30,236 Dennis Mountain,Wilkinsonland,W23HQ,PUB-10865
Gerald,Ford,1985-05-16,"Flat 6
Robin Ridge",Williamsonstad,W35 3PF,PUB-10339
P,Walker,2001-07-02,"Studio 87
Thomas Run",West Katherine,E21HH,PUB-10222
Suzanne,Warren,1998-11-15,"Flat 8
Gavin Shoals",East Juneburgh,W5 0FY,PUB-10495
Pamela G.,Cole,1953-04-04,"Studio 12U
Hall Common",East Meganland,RH8W9BP,PUB-10317
Phillip,Wyatt,1946-01-21,"Flat 85G
Walsh Flats",Albertborough,YO4 1NT,PUB-10780
Lawrence S.,Jones,1997-05-03,"Flat 92
Frederick Harbors",Port Marcusbury,UB6H 1WZ,PUB-10511
Claire,Andrews,1991-01-16,79 Malcolm Forges,Port Gareth,E16 9EJ,PUB-10707
Justin,O'Connor,1952-12-15,4 Newton Pines,Webbport,L9S 5GH,PUB-10689
Sally S.,Carter,1960-04-11,"Flat 3
Toby Dam",North Hazel,M47 1QX,PUB-10558
Deborah B.,Smith,1981-07-11,804 Hunt Row,New Elaine,WS386HW,PUB-10880
W,Green,1980-04-15,"Flat 7
Sally Mall",Mooreside,SK404AH,PUB-10115
Jessica R.,Ryan,1977-07-19,"Studio 0
Harrison Isle",Sallychester,SO52 4XH,PUB-10758
Derek,Harris,1997-05-31,"Studio 7
Kemp Dale",Mollyland,BB114ED,PUB-10979
Raymond,Fletcher,1957-09-08,499 Caroline Summit,Alanland,HG51SX,PUB-10296
Jennifer J.,Law,1976-08-14,"Studio 67p
Wood Rapid",Pamelafurt,BH36SL,PUB-10655
Shaun,Rees,1956-02-09,"Flat 48x
Savage Route",Huntertown,N9D1XR,PUB-10269
Lynn,Webster,1968-09-28,0 Smith Trail,Maryhaven,B5 8QE,PUB-10416
Roy,James,1983-07-29,71 Wayne Brook,Godfreystad,W982NA,PUB-10361
Luke,Jenkins,1957-01-09,1 Bryant Passage,Leechester,IM25 5JX,PUB-10505
Darren G.,Mitchell,1948-06-23,"Studio 0
Vanessa Stream",Deborahmouth,L2H 2JZ,PUB-10803
Damien,Fletcher,1983-07-05,1 Marian Lake,South Kayleigh,DL4A1FU,PUB-10336
Maria,Thompson,1971-06-20,4 Phillips Dr,East Tracyview,GU714JU,PUB-10134
Jenna A.,Marshall,1988-03-29,4 Anna Tunnel,West Staceychester,IG1V 0SU,PUB-10033
Sophie J.,Webb,2007-09-15,1 Katie Dale,Irenehaven,EH39 0NY,PUB-10943
Andrea,Gardiner,1955-03-06,0 Powell Corner,Rhysstad,S82 2JZ,PUB-10226
Jill M.,Hall,2005-10-17,332 Donna Path,Lucyberg,GY5 0RJ,PUB-10538
Sam,Butler,1966-09-03,743 Gareth Mission,Port Traceybury,N9H7YB,PUB-10458
Scott,Collier,1999-12-12,"Studio 8
Stephanie Key",Taylorburgh,CM870AH,PUB-10250
Sian J.,Hill,1985-08-02,"Flat 97O
Turner Spurs",Chandlerchester,G827FW,PUB-10419
Sophie,Moore,1949-04-14,"Studio 08
Nash Route",South Helentown,LA2Y4XJ,PUB-10897
Sian J.,Parsons,1964-11-29,"Flat 0
Scott Villages",Damienshire,N6 6QQ,PUB-10373
Vincent,Day,1990-08-07,"Flat 41J
Owen Meadows",East Patricia,S8F 7LQ,PUB-10571
Daniel,Hughes,1993-05-20,"Studio 1
Jones Circle",Taylorfort,S82 5AR,PUB-10910
C,Griffiths,1962-06-13,901 Kirk Heights,Hillfort,SY6V 8TW,PUB-10821
J,Brady,1958-07-13,840 Bird Key,Hardingshire,AL7X6JJ,PUB-10452
K,Young,1977-12-23,"Studio 96
Mary Valleys",Jayneburgh,RG61 8PT,PUB-10399
C,Bryan,2003-07-30,"Studio 56
Brooks Ways",Jarvisfurt,E54HJ,PUB-10682
S,Wright,2004-08-27,07 Dominic Pass,South Alisonville,B731BN,PUB-10952
Peter,Day,1989-05-19,"Flat 5
Russell Dr",Johnsonside,W51 7LH,PUB-10774
J,Fisher,1945-12-15,"Flat 17
Goodwin Island",South Hollymouth,SO1 7NR,PUB-10999
Louise,Rahman,1947-01-07,"Flat 10
Maria Rue",Victoriashire,SA59WX,PUB-10348
Marc,West,1989-07-04,914 Gordon Pine,Frederickfurt,SN043FN,PUB-10773
Sheila,Wilkins,1990-05-25,3 Mills Estate,South Josephinestad,N81LR,PUB-10911
Glenn,Lowe,2004-01-23,582 Russell Views,Reeveschester,B8 9AL,PUB-10789
Heather B.,Summers,1966-07-21,"Studio 3
Paula Ford",New Kathrynmouth,B06 5QX,PUB-10629
Tina,Chadwick,1997-06-08,65 Price Dale,South Mandy,WV8M 8HH,PUB-10214
Kenneth,Smith,1984-06-23,"Studio 44
Katy Locks",Johnshire,TF0W4JZ,PUB-10054
Elizabeth A.,Manning,1979-09-20,"Flat 61
Wilson Island",Port Francescamouth,G042UT,PUB-10082
S,Mills,1997-05-11,"Flat 64f
Brown Plains",West Francisland,BH0H0ZF,PUB-10031
Aaron L.,Webster,1972-01-13,"Flat 9
Knowles Spur",Jonesburgh,B6E9RZ,PUB-10372
F,Payne,1945-09-21,47 Hilary Shores,Helenburgh,SM304UD,PUB-10357
Joseph,Griffin,1963-11-13,178 Wood Drs,East John,WF28AW,PUB-10819
Nicola,Burns,1947-03-08,"Studio 3
Robin Mews",South Marie,CR4P2AJ,PUB-10823
Declan,Bradley,1957-06-21,"Studio 72Z
Philip Stravenue",Simsborough,L0 4WR,PUB-10086
Callum,Lord,1956-03-12,"Flat 6
Rogers Fords",North Sarahview,SK28BD,PUB-10409
Justin,Brown,1988-09-28,2 Stanley Ports,Jonesstad,S73 9LX,PUB-10709
P,Palmer,1949-03-02,4 Mitchell Springs,Jacobton,TN4H 5TE,PUB-10216
T,Crawford,1987-08-01,8 Holly Green,Owenton,M2W0TT,PUB-10410
G,Parry,1994-12-21,"Flat 43M
Sandra Lodge",West Clivechester,E8B 5EW,PUB-10245
William,Walker,1970-02-16,"Flat 65
Patel Haven",Bruceport,WR817ST,PUB-10354
Duncan,Gilbert,1994-05-09,"Studio 78
Ln Rest",West Harryfurt,S0B 4UT,PUB-10808
Lauren P.,Thomas,2006-11-27,306 Lynne Centers,Hiltonville,B98 0UY,PUB-10746
Graeme M.,Ward,1998-12-05,757 Jennifer Stravenue,Newtonport,E0 1GJ,PUB-10140
Sophie,Johnson,2007-05-31,"Studio 50
Mohamed Burgs",Hancockberg,BH862EA,PUB-10705
Edward A.,Smith,1946-08-15,649 Angela Forges,Maxborough,S2H6QF,PUB-10521
Graham,Hamilton,1979-11-21,"Flat 0
Neil Street",Chamberlainport,KW8 4LT,PUB-10632
Iain E.,Ellis,1999-01-31,97 Brenda Ramp,Chambersstad,DG8 8AU,PUB-10756
Beverley G.,Ford,1967-02-17,78 Clarke Village,Port Callum,MK01 4GG,PUB-10094
Josh,Stanley,1956-04-10,"Studio 75l
Wilson Radial",South Mohammad,SM4E0YR,PUB-10176
S,Mills,1985-03-09,71 Diane Village,Reeveston,WV277DQ,PUB-10418
Adam,Humphries,1984-07-01,3 Max Run,Lewistown,CO29 3LZ,PUB-10191
Lynn,Daly,1958-07-12,4 Cook Turnpike,Paulport,GU9W2TX,PUB-10048
Olivia,Watts,2007-09-01,17 Amy Cliffs,Schofieldland,S65 2GN,PUB-10556
K,Brown,1974-08-25,"Flat 88V
Robin River",Baxterville,L27YU,PUB-10692
Graeme,Thompson,1950-02-06,9 Marion Shoal,West Lorraine,KW233ZD,PUB-10818
Gregory K.,Greenwood,1966-01-24,76 Fuller Burgs,Popebury,S84 4QA,PUB-10225
Damian,Jones,1950-12-06,"Studio 08K
Trevor Throughway",Lordburgh,L20 1SH,PUB-10184
G,Davison,1970-05-04,"Studio 5
Alexandra Mission",Stanleybury,B625LR,PUB-10977
Bernard,Rose,1982-08-31,93 Baker Inlet,North Bethville,E6H 8NW,PUB-10986
Jordan,Smith,1989-09-15,2 Mohammad View,South Kathrynburgh,E1B9ZJ,PUB-10332
Chloe M.,Hardy,1964-07-25,"Flat 24v
Clements Motorway",Lake Glennhaven,BR5 0XF,PUB-10710
Sharon,Jarvis,1971-06-07,851 Taylor Canyon,Brownland,OX66NE,PUB-10071
Carl,Fisher,1957-07-07,"Studio 7
Price Ln",Hammondberg,LN3E 0AW,PUB-10473
Katy P.,Gardner,1993-10-08,"Flat 59
Jackson Village",Townsendtown,CW3B7UP,PUB-10592
Scott,Lucas,1990-10-21,"Studio 29K
Stevenson Village",West Mitchellborough,TN99 7TT,PUB-10024
Frances,Fisher,1947-09-27,"Flat 2
Brian Lights",Russellbury,SE8 7BQ,PUB-10456
Sandra,Mason,1979-03-09,3 Vincent Heights,Palmerchester,L43 2SF,PUB-10389
Olivia C.,Evans,1997-03-17,304 Kent Island,South Gordonmouth,B3 1JH,PUB-10436
P,Ward,1983-02-11,"Studio 5
Amelia Garden",Barneschester,N76FU,PUB-10049
Jake,Wyatt,1946-02-01,"Studio 76u
Williamson Stravenue",Lewisbury,ME5 9WW,PUB-10619
Tracy,Craig,2004-02-04,364 Willis Glens,South Shane,G33NT,PUB-10379
S,Pritchard,1956-07-04,"Flat 5
Ellis Drs",East Brandonton,PO4R 1PW,PUB-10219
Rebecca,Hartley,2004-01-14,24 Marion Spring,East Natashatown,B37QR,PUB-10161
Antony,Barber,1950-10-17,4 Bethan Dr,Hayesborough,B4G 7QS,PUB-10347
Jamie,Simpson,1998-10-01,081 Harriet Crest,West Charles,GY7V1FQ,PUB-10411
Lawrence,Clarke,1988-10-02,306 Abigail Point,Lake Antony,S4 9JQ,PUB-10625
M,Phillips,2003-12-12,6 Martyn Way,Lake Wayne,G537FY,PUB-10149
Roger,Mills,1949-10-31,7 Mann Ramp,Tonybury,W30PW,PUB-10437
Stephen B.,Payne,1999-05-09,"Studio 95
Thompson Ports",Smithfurt,S092RG,PUB-10552
M,Buckley,1996-09-06,"Studio 8
Gardner Station",Kerryfort,ME7M9BH,PUB-10448
B,Thompson,1985-08-24,358 Warner Wall,New Carolynfurt,HX0 8LR,PUB-10920
Gerald C.,Jones,1956-10-29,"Flat 1
Barker Junctions",Paulineview,N5J9WL,PUB-10829
Trevor,Graham,1974-08-21,"Studio 0
Sally Landing",New Amandaton,N8H9PD,PUB-10696
Liam,Murphy,2005-11-10,676 Sean Shoal,Port Kennethchester,G878JE,PUB-10026
Grace,Thomas,1998-11-25,7 Mandy Plains,Port Josephinechester,S5W8SJ,PUB-10238
Sara,Walker,1985-04-05,"Studio 5
Gregory Hollow",Port Chelseaburgh,G612XX,PUB-10753
Maria,Jenkins,1967-09-23,"Studio 38i
Glen Views",West Janeville,S50 6YQ,PUB-10898
M,Brown,1946-10-09,42 Sims Place,West Leahtown,W14LP,PUB-10564
O,Walker,1984-05-14,"Flat 8
Martin Stream",West Rosie,SW5A 7FU,PUB-10546
Elaine,Knight,1969-10-25,7 Johnson Well,New Jasonberg,M1B 3BZ,PUB-10596
Douglas,Atkinson,1996-02-05,13 Turner Ridges,Lake Adam,OX76LG,PUB-10667
C,Parker,1971-03-29,5 Marc Course,South Matthewtown,UB3 3EG,PUB-10464
Ashleigh,Johnson,2003-12-28,2 Joseph Neck,New Rogerbury,SY6X3LS,PUB-10802
Daniel,French,1968-07-08,"Studio 75W
Dickinson Pines",Lawrenceborough,WF8P 2PY,PUB-10490
Glenn S.,Barker,1982-05-04,6 Jacqueline Mission,Nicolamouth,BD02 2US,PUB-10371
Dennis,Hill,1961-02-16,"Flat 36w
Taylor Place",South Andreastad,DA5M4FE,PUB-10982
Sophie,Cooke,1980-10-03,31 Leanne Crest,Wattsview,G5D 1AS,PUB-10553
S,Wilson,1992-04-03,88 Gregory Mountain,Hooperfort,CV2 3WS,PUB-10400
Sara,Doherty,1956-08-15,"Studio 4
Billy Bridge",Thomasport,E0H 0SQ,PUB-10580
Louise,Adams,2003-12-05,6 Kay Shores,South Wendy,KY0 0ST,PUB-10859
Gary,Sheppard,1983-07-12,"Flat 49j
Reeves Shore",West Dylan,SN6E4XR,PUB-10077
Eleanor,Atkinson,1998-12-31,"Flat 48K
Patricia Courts",North Robin,LN15LQ,PUB-10253
Shane,Miah,1951-09-25,42 Taylor Summit,South Gillianberg,JE2N 0DR,PUB-10343
B,Miller,1946-05-22,"Studio 7
Tina Park",East Joan,LN7P1ZZ,PUB-10294
Jane G.,Collins,1947-07-11,"Studio 30r
Louis Track",West Kirsty,LD182QX,PUB-10428
Sian,Wood,1972-08-07,"Flat 6
Arthur Plain",South Lauraview,S5B 7AZ,PUB-10057
Mohammed,Thomas,1980-06-07,58 Sara Fords,Singhville,L15 2AR,PUB-10465
Bethany,Ali,1958-04-28,"Studio 77
Dennis Grove",West Jennifer,LU1A 2NX,PUB-10046
Caroline,Baker,1962-10-23,"Studio 55p
Williams Causeway",Clareview,L886QG,PUB-10721
Margaret S.,Wright,1977-05-29,"Studio 01
Read Junctions",West Tracyburgh,AB488EN,PUB-10007
Chelsea,Ryan,1989-10-12,"Flat 79
Barker Avenue",Lake Mary,FY25ED,PUB-10002
Antony,Rowe,1968-05-05,624 Stone Cove,Dawnstad,TS12FP,PUB-10527
Mohamed,Blake,1976-12-05,9 Fuller Locks,Daychester,N324TF,PUB-10170
George C.,Lewis,1998-05-01,"Studio 8
Timothy Lock",New Justinmouth,W27HH,PUB-10933
Diana,Baker,1998-02-02,270 Shannon Underpass,Port Graemeport,N21UH,PUB-10734
Dorothy,Spencer,1985-08-15,"Flat 46y
Gillian Mall",Kennedyport,CM969NB,PUB-10589
L,Macdonald,1979-07-03,086 Bennett Tunnel,Lake Rosemary,G16 8RS,PUB-10213
Simon,Browne,1974-03-18,"Flat 2
Catherine Shores",Terencechester,NR726WR,PUB-10509
Kayleigh,Kelly,1990-07-02,3 Lynn Club,North Michelle,SM970JN,PUB-10041
Frank,Burton,1949-08-19,410 Maria Loop,Clareland,E8C1YY,PUB-10165
Hannah,Thornton,2003-07-24,258 Lambert Turnpike,Marshview,M742NP,PUB-10690
Philip,Waters,1980-11-07,83 Paula Locks,West Shaun,HP6 8JA,PUB-10630
Anne,Barrett,1950-04-18,"Studio 52a
Davies Locks",Norrisland,G6 9EG,PUB-10367
C,Howard,1995-10-19,8 Elizabeth Greens,Walshside,HS08 7RW,PUB-10931
Kelly,McKenzie,1981-06-26,688 Megan Pines,Gillland,BB5 2QT,PUB-10997
Alexander A.,Nicholls,1975-05-10,"Studio 61
Daniel Points",Mooreton,LS2 5DL,PUB-10728
Mandy,Lowe,1950-07-23,45 Fletcher Course,Alanport,S05 5JU,PUB-10890
Owen L.,Norton,1967-01-06,"Flat 69z
Bailey Lodge",South Owenberg,TD403LN,PUB-10691
Lydia,Murphy,1967-05-12,2 Conor Junctions,Leechester,G6K7US,PUB-10892
J,Robson,2005-01-26,512 Hill Stream,Port Paul,M7 8RJ,PUB-10117
R,Stanley,1955-02-21,"Flat 80g
White Center",South Dennis,EN1P8EF,PUB-10907
Kirsty,Lee,1951-06-01,"Flat 1
Justin Stream",East Elliottshire,BA2A 5TD,PUB-10650
Dean,King,1964-03-10,33 Eric Mill,East James,EH0 7SX,PUB-10725
Eric,Dawson,1949-02-16,57 Gail Trail,North Georgina,S774PN,PUB-10108
Stephanie,Herbert,1975-07-03,7 Stanley Pass,Hughesburgh,S4 7PX,PUB-10688
Reece,Spencer,1990-03-15,"Studio 4
Green Lodge",Pamelaport,NN8H 0UR,PUB-10633
Helen,Begum,1953-10-05,906 Stewart Pine,West Sheilashire,N830RT,PUB-10277
Andrew G.,Swift,1965-05-03,822 Oliver Hollow,Alisonfort,HS8M 4QT,PUB-10576
Graeme,Butler,2000-07-29,941 Wilson Locks,Wardtown,G6D2HZ,PUB-10889
Clare,Frost,1976-11-24,232 Brookes Ferry,Port Dennis,CA320UG,PUB-10657
Garry D.,Walker,1972-03-28,557 Holland Mountains,West Catherinemouth,M598ER,PUB-10309
Justin,Williams,1946-11-28,"Studio 95v
Lauren Cliff",East Sara,SK61HP,PUB-10755
Elaine M.,Edwards,1970-04-12,"Flat 1
Paul Junctions",Ashleighport,N1A7FS,PUB-10211
Elliott J.,Clarke,2004-02-19,"Flat 82W
Watson Trail",North Kateland,M30RW,PUB-10157
Teresa,Jones,1964-09-11,2 Glover Canyon,South Elaine,LS207YY,PUB-10754
Catherine,Barker,2007-06-17,158 Peacock Row,West Danny,W346SR,PUB-10736
Mark,Cooke,1990-06-13,5 Jones Ridges,East Zoeview,L98AW,PUB-10557
M,Harris,1963-05-17,735 Cunningham Mountains,Port Brandon,IV3Y 6ZL,PUB-10390
Carl,Stewart,1968-01-12,"Studio 3
Collins Lights",South Raymond,OL71GE,PUB-10455
D,King,1992-11-05,"Studio 5
Harris Squares",Fletcherbury,SG53TF,PUB-10836
J,Henry,1960-05-05,8 Henry St,Melissamouth,M286NL,PUB-10119
J,Banks,1988-01-04,789 Dorothy Highway,Kellymouth,S1D 1QT,PUB-10550
S,Howe,1949-02-04,447 Haynes Groves,Knowlesmouth,B2W9AN,PUB-10757
Frederick,Lee,1950-05-11,26 Fiona Spring,East Louise,M508NW,PUB-10715
Amy,Walker,1989-06-10,"Flat 5
Kathleen Haven",Katyview,WC60SB,PUB-10551
Alan,Clarke,1985-09-20,"Flat 7
Kerry Motorway",Lake Garethchester,CV1R 5ZR,PUB-10050
J,Green,1993-12-26,"Flat 25I
Frost Lights",Port Billyshire,N3 0JX,PUB-10724
J,Khan,1953-01-24,"Studio 74
Kay Brook",North Eleanor,G1 4FT,PUB-10262
H,Taylor,2001-07-29,"Studio 6
Edwards Wells",Port Shaunview,E5G 7AB,PUB-10385
Eileen,Johnson,1984-02-18,"Flat 80
Brown Village",Port Brett,W65 6ZG,PUB-10782
J,Burns,1975-03-24,18 Gerard Greens,West Marionfurt,E91 4DY,PUB-10376
Robert,Doyle,1959-08-26,114 Watson Manors,Irenefurt,M5 5HN,PUB-10792
Patrick,Moore,1958-05-14,"Studio 42
Thomas Centers",New Gerald,W09HF,PUB-10174
D,Bowen,1976-01-29,17 Barry Parkway,East Juneview,CO4A 3RU,PUB-10517
David,Reynolds,2000-06-09,61 Johnson Shore,Lake Cliffordhaven,SG66NX,PUB-10023
Marilyn J.,Marsh,1962-04-01,6 Dixon Pass,Dawnfurt,M42XJ,PUB-10830
M,Richards,1976-09-18,4 Hannah Isle,Robertsmouth,HP69 4PZ,PUB-10135
Douglas,Wallace,1970-08-09,42 Kelly Loop,South Malcolm,HU3P6TT,PUB-10748
Garry,Thompson,1965-06-13,"Studio 2
Martin Estates",Lewisport,NP81FE,PUB-10845
Dorothy,Webb,1998-08-23,"Studio 23
Edward Loop",East Brettchester,WN3M1RB,PUB-10020
Jessica,Gallagher,1974-11-22,408 Cross Rest,Marcusshire,B596BE,PUB-10606
Bradley,O'Neill,1949-10-02,3 Patel Rds,New Kateview,B1 7FD,PUB-10169
Rita,Short,1989-05-09,"Studio 0
Elliott Islands",East Frederickburgh,B2J2UB,PUB-10703
Billy,Collins,1947-08-29,773 Scott Underpass,South Donna,CH9N 3TD,PUB-10676
S,Edwards,1986-06-05,11 Clark Club,East Victor,N6B4FA,PUB-10611
Alan,Brady,1996-12-10,670 Lawrence Hollow,East Juliabury,M16FL,PUB-10631
Eleanor,Adams,1965-02-15,6 Williamson Shoal,North Lydia,BT530EF,PUB-10844
Tom,Bradshaw,1948-03-08,"Flat 44Y
Harry Inlet",Arthurburgh,LL077BQ,PUB-10608
Richard,Khan,2003-06-21,0 Mohammad Landing,New Eileen,E32 5PD,PUB-10927
Jayne,Robinson,1963-11-30,"Flat 1
Jane Forges",South Kathryn,G34 0JN,PUB-10812
Shirley,Hayes,1950-07-07,9 Toby Port,Morganton,M3G8AG,PUB-10912
R,Smith,1952-01-02,"Studio 62v
Heather Trace",Dorothyfort,N06WJ,PUB-10467
Garry,Whittaker,1987-12-20,"Flat 99
Reynolds Roads",Hughesburgh,L4D 1AT,PUB-10298
Stuart,Field,1950-10-31,"Flat 02
Mohammed Flat",Taylorville,S7 8UF,PUB-10637
Stephen,Fisher,1951-11-25,7 Eileen Village,South Iain,M6W 7JT,PUB-10047
Phillip,Nash,1978-05-15,5 Clark Harbors,Port Anne,B9S0GL,PUB-10067
Hilary,Taylor,1980-05-10,9 Christopher Ports,Chambersland,W19 2RB,PUB-10941
Jamie,Taylor,2004-06-19,6 Johnson Station,Stevensonchester,L2H3XR,PUB-10314
Alex,Cole,2008-07-15,8 Atkins Mountains,New Carl,G38LX,PUB-10516
Rosemary J.,Cooper,1984-04-05,5 Billy Brooks,Shirleyborough,L124FS,PUB-10896
N,Burns,1965-10-23,"Studio 37u
Stone Underpass",Gerardville,S6W2NB,PUB-10106
Eileen M.,Greenwood,2003-07-21,"Studio 80
Bradley Rd",Kingtown,G054SA,PUB-10720
Marie J.,Hicks,1990-05-31,"Flat 24Y
Danielle Falls",West Grahamberg,G7U6JT,PUB-10320
Valerie S.,Brown,1994-03-13,"Studio 10
Joan Camp",East Carole,AB518GR,PUB-10779
Marian J.,Jones,1981-02-18,83 Burton Flats,Andreaberg,NN992RZ,PUB-10996
Holly E.,Russell,1975-12-21,94 Mistry Dr,Lake Tom,RG99 1DG,PUB-10255
Sandra,Barnes,1954-08-02,"Flat 23w
Griffiths Plains",South Markborough,E19 0RE,PUB-10905
Diana,Rowe,1946-03-20,2 Lauren Prairie,South Scott,M5 5HJ,PUB-10019
Christine,Smith,1965-07-26,"Flat 7
Ashleigh Prairie",South Gordonhaven,S8 6BF,PUB-10196
L,Pearson,1977-10-09,3 Lydia Manors,Howardburgh,G1 6DN,PUB-10544
Holly C.,Cunningham,1988-08-14,"Studio 32c
Peter Stravenue",South Janet,M7 0BP,PUB-10330
C,Rees,1950-03-08,19 Rosemary Ranch,New Jonathanchester,PA9V 4HP,PUB-10015
Jennifer,Smith,1972-09-22,"Studio 75n
Clarke Center",East Ruth,M5 5TR,PUB-10824
Connor G.,Green,1997-02-25,2 Hugh Knolls,Nolanview,CA5N1RR,PUB-10205
Elliott,Clark,1991-06-03,"Flat 80C
Ashleigh Mission",North Charlieborough,SN82 3QH,PUB-10547
J,Davies,1999-08-21,"Flat 42f
Grace Skyway",Hussainhaven,G2 8ZB,PUB-10876
Marie,Jenkins,1952-11-21,5 Walker Roads,Coxchester,SY72YW,PUB-10618
Callum A.,Chan,1994-11-28,"Flat 14
Reeves Well",Port Janetport,IP2N 4BG,PUB-10882
Diana,Allen,1988-07-02,46 Brett Drs,Port Eric,ST0E 6NG,PUB-10489
Andrea,McCarthy,1994-08-22,"Studio 76
Marsden Light",Morrisbury,B443XN,PUB-10607
Keith,Armstrong,1983-07-20,281 Morrison Field,Port Lydiachester,LL75DG,PUB-10697
G,Mills,1958-08-28,0 Jenna Turnpike,New Malcolm,ML4N 7ZT,PUB-10440
G,Young,1994-06-22,83 Dominic Brooks,Port Marcus,B2 1PH,PUB-10445
Nicole M.,Duffy,1973-04-28,1 Naylor Ranch,Emmatown,KA6 8JY,PUB-10133
Frederick,Hunt,1947-04-28,86 Marcus Trail,Geraldinemouth,M73 2DT,PUB-10091
Garry R.,Potts,1980-07-03,226 Manning Stream,Lindseybury,PL6Y 2TQ,PUB-10502
Angela,Wright,1998-07-11,"Flat 46l
Tony Neck",East Tonymouth,AB10 1WE,PUB-10950
Sally,Farmer,1990-03-11,95 Edwards Turnpike,West Katy,IV1 6UZ,PUB-10591
O,Smith,1961-12-19,"Studio 03
Evans Villages",East Frank,N5K 5YY,PUB-10173
Rhys,Johnson,1965-05-01,"Studio 22G
Ellis Trace",Chelseafort,S8E 0WE,PUB-10215
Bradley,Clarke,1986-09-28,75 Brown Pine,Heatherside,S7 4SX,PUB-10798
Sian,Robertson,1975-07-18,"Flat 30
Angela Square",Port Heatherhaven,SE1P7BZ,PUB-10463
Lydia,Duncan,1997-11-03,0 Alexander Circles,New Guy,W67 4FJ,PUB-10005
Gillian,Cox,1979-07-24,1 Shaun Route,South Joanside,E34 2YX,PUB-10908
Kim,Thompson,1984-11-15,"Flat 4
Lee Expressway",Matthewsport,SW83 6UL,PUB-10321
Lewis,Collier,1960-03-17,51 Fletcher Brooks,Joshuaville,CT4 3EA,PUB-10784
W,Taylor,1960-04-14,"Studio 4
Anne St",East Toby,PA39 9AS,PUB-10341
Linda,Walker,1998-07-04,"Flat 34
Nigel Ln",South Stuart,G89UE,PUB-10500
Amber D.,Burgess,1950-12-13,32 Griffiths Heights,West Adrian,L61EU,PUB-10083
T,Kennedy,1986-01-18,"Flat 11y
Fisher Walks",Mariamouth,S12FY,PUB-10185
Lydia,Williams,1960-06-27,"Flat 30b
Kevin Ranch",New Kim,E1 6YG,PUB-10324
Paige,West,1970-07-10,783 Warner Village,West Ryan,EX511JH,PUB-10147
Nicola,Martin,1948-02-20,975 Ricky Island,New Elizabethport,L5 3HX,PUB-10469
Natalie,Burton,1973-06-23,"Flat 8
Emily Corners",New Josh,N290RF,PUB-10584
Jeffrey A.,Smith,1981-12-18,"Flat 0
Andrew Harbors",Damianfurt,BT9W1TD,PUB-10939
Christine,Parkin,1956-08-15,"Flat 0
Begum Trafficway",South Stanley,B88 4UN,PUB-10351
Charlene,Harris,1992-04-25,"Studio 88u
Bethany Prairie",North Iain,EH3W2UQ,PUB-10807
Georgia,Coleman,1956-06-15,"Studio 67
Carol Roads",East Ruth,KY6A 7YS,PUB-10141
Adam,Ellis,1983-06-19,2 Samuel Via,North Jeffreybury,B017SR,PUB-10991
Wayne A.,Fitzgerald,2005-03-14,"Studio 84
Douglas Views",Morganport,WR5B 1FJ,PUB-10056
Jason,Lord,1986-01-30,"Studio 0
Williams Stravenue",Jamesburgh,TS6B1GB,PUB-10981
Sarah,Adams,1986-05-14,6 Donald Forest,Peterstown,DE3 4PX,PUB-10969
J,Mills,1967-02-24,"Studio 73
Clark Motorway",New Deanfort,L59 9RB,PUB-10543
L,Green,1949-07-22,37 Turner Skyway,North Howardhaven,S4G 2XB,PUB-10391
Norman,Booth,1993-06-13,38 Russell Light,Ashtonstad,EX5 7EU,PUB-10123
Judith,Rogers,1988-08-27,5 Jones Pass,Grahamport,M5 5SJ,PUB-10513
Tom G.,Williams,1992-04-17,75 Roger Valleys,Brownbury,CO3Y9WG,PUB-10200
G,Taylor,2005-03-08,7 Josh Village,Thompsonmouth,W8 3HG,PUB-10484
Martin,Dennis,1953-04-26,52 Timothy Dr,Joeburgh,G1C7YY,PUB-10073
Phillip,Baker,1963-03-17,202 Begum Manors,West Jayneburgh,DY87 0GZ,PUB-10947
H,Hunt,1952-02-08,2 Rebecca Trail,Pearceland,DE83HY,PUB-10595
Stephen C.,Graham,1989-11-07,"Flat 91
Paula Motorway",Shannonfurt,S9J9BN,PUB-10988
J,Lloyd,1958-06-30,"Studio 21O
Dylan Turnpike",Rhodesstad,CO1M 6GH,PUB-10055
Paul,Murphy,1993-01-28,"Studio 20M
Melanie Harbors",West Alison,W8G 0PA,PUB-10482
Elaine,Smith,1960-11-21,"Studio 27d
Morgan Point",South Norman,DL5 7QD,PUB-10121
C,Jones,1992-05-29,"Studio 06B
Norman Neck",Port Lindatown,SG2M2LJ,PUB-10475
Declan,Robinson,1988-03-11,962 Mohammad Squares,Carolynton,KA13QT,PUB-10302
Leon H.,Porter,2005-03-14,0 Dominic Place,Richardsontown,W0G2SS,PUB-10600
Joyce B.,Hurst,1997-03-30,5 Rita Plain,East Hollybury,NW53AR,PUB-10267
Joel H.,Taylor,2006-11-03,"Flat 16U
Damian Creek",New Rosieshire,M7B9EP,PUB-10381
Kate,Ryan,1972-11-28,"Flat 6
Johnson Gardens",Jordanmouth,LN37JS,PUB-10864
J,Harding,1988-10-12,"Studio 74p
Cook Mount",Andrewberg,AB9R0GS,PUB-10431
Rebecca,Gray,1956-01-21,"Studio 22a
Eileen Brook",Lake Holly,KY2B6TZ,PUB-10315
Aaron,Davies,1968-02-14,"Studio 7
Russell Oval",East Leahland,WF2 4DD,PUB-10229
Jacob,Baker,1964-06-07,"Flat 28X
Leanne Port",North Rosemarytown,L3E8AE,PUB-10364
Gerard,Payne,2005-06-14,"Studio 54
Curtis Estate",Alicemouth,GY2Y 2ZN,PUB-10680
Norman,Morrison,1956-10-11,"Flat 95
Davis Courts",North Johnberg,S7B0AU,PUB-10833
Hollie,Ross,1947-10-14,"Studio 4
Lydia Common",Williamhaven,HX0B5TZ,PUB-10344
Clifford,Simpson,1975-09-17,"Flat 69P
Roy Mills",Port Jane,LU8N8GD,PUB-10188
B,Phillips,1950-01-14,39 Gilbert Courts,Lake Hazel,ME33QN,PUB-10573
Jane,Parker,1961-06-18,"Studio 10
Dorothy Land",Marshalltown,B8F4NY,PUB-10894
Max L.,Nash,1993-12-26,655 George Avenue,Louisestad,CF22ST,PUB-10132
Ashleigh S.,Evans,1948-09-02,"Studio 73M
Matthews Ridge",West Annefort,WF1Y4ZH,PUB-10483
Joseph T.,Gray,1969-01-21,44 Smith Meadow,Port Staceyborough,N1H7XE,PUB-10987
A,Hall,2000-12-17,"Studio 08t
Duffy Brook",New Lydia,TR52LA,PUB-10301
Joan,Jackson,1952-05-17,148 Shaw Greens,Watersshire,W0C 6FZ,PUB-10186
Nigel,Parker,1971-08-03,"Flat 43
Noble Harbor",Joyceville,BL3B1BB,PUB-10572
Maurice,Edwards,2008-01-30,"Flat 0
Kate Squares",Port Jamie,N1F9EP,PUB-10175
Geraldine,Thompson,1970-08-28,"Flat 18
Kyle Station",Lake Aaronborough,G3 0NZ,PUB-10930
Jemma,Robinson,2001-08-03,105 Duncan Squares,Aaronchester,M5A 5JL,PUB-10520
Gary,Evans,1959-02-08,"Flat 96
Donald Villages",Woodview,TD9W 6QU,PUB-10368
Ashley,Walsh,1953-09-27,"Flat 88V
Alexandra Mill",Jennifertown,G0U4XB,PUB-10962
Lynne,Owens,1985-08-06,15 Sam Manor,Shepherdville,N428GA,PUB-10654
Karl,Page,1984-10-23,50 Wheeler Parkway,Lake Dawnmouth,KA558PE,PUB-10548
Brian,Lyons,1967-03-08,"Studio 5
Faulkner Drs",Guychester,B53 6LQ,PUB-10228
Marion,King,1999-12-20,"Flat 17c
Josephine Plaza",West Peterfurt,L7F5BZ,PUB-10352
Kathleen,Hodgson,1957-02-15,17 Garry Stream,Lake Albert,CA3N4SP,PUB-10195
Lynda,Wood,1975-01-05,"Flat 70
Hunt Cliff",Dianafort,M2D3SU,PUB-10768
Megan B.,Cross,1963-06-17,5 Smith Isle,East Dennisside,HP0H1YZ,PUB-10598
Laura,Jones,1981-09-08,"Studio 8
Parsons Motorway",Stewartview,E35 8GH,PUB-10037
Janice,Hunt,2008-06-02,62 Hooper Springs,Christianside,SR7 5RG,PUB-10919
Paige,Johnson,1987-08-17,"Studio 56X
Josh Corner",New Albertfurt,SR2V 3DW,PUB-10415
Matthew,Greenwood,1973-11-22,"Flat 7
Wheeler Summit",Port Georgiaberg,EX9V8XA,PUB-10971
Mohammed,James,1985-05-06,30 Kimberley Tunnel,Holmesberg,TD12UD,PUB-10266
Josh L.,Stevens,1966-02-17,5 Reece Course,Lowefort,G3F 8NP,PUB-10303
Wayne,Griffiths,1952-11-24,2 Knight Trafficway,North Josephine,KW96UN,PUB-10510
Christine,Walker,2003-07-10,"Studio 86
Thomas Trace",North Elaineshire,S7T 8FH,PUB-10980
Caroline,Browne,1977-03-05,"Studio 9
Burke Plaza",Bartlettfort,EX343LT,PUB-10027
Justin,Patel,1955-03-06,"Studio 9
Beverley Lights",Skinnerside,RM2V 7NF,PUB-10144
Nicholas,Howells,1969-08-21,69 Bethan Ramp,Mooreberg,AB45 3WW,PUB-10924
Thomas,Morris,1991-12-20,"Studio 76
Helen Green",Lake Lyndaside,BB7R 4RB,PUB-10677
Charlie,McLean,1973-02-14,"Flat 43
Foster Mountains",Lake Lynnebury,SN1R 6YQ,PUB-10815
Jason C.,Parsons,1979-12-19,79 Lucy Turnpike,Wilsonberg,L6S 9LN,PUB-10615
Vanessa,Wells,1992-12-14,"Studio 26
Wendy Ridges",Singhview,N3 7JQ,PUB-10059
Sian,Harrison,2000-01-04,"Studio 5
Beth Village",Frederickport,S5 8GU,PUB-10247
Ian A.,Martin,2000-05-30,"Studio 31
Matthews Track",South Shaunchester,B8A 5TE,PUB-10951
Paige D.,Davies,1975-02-06,"Flat 8
Allen Key",Yatesborough,W62HW,PUB-10899
Amanda,Stevenson,1974-12-19,70 Cross Crest,Damianfort,IV93 6JN,PUB-10832
F,Thompson,1993-11-09,"Flat 38g
Mandy Rapid",Cameronfort,KY6A4LL,PUB-10717
Nicholas,Taylor,1946-03-19,591 Carole Road,Yatesmouth,CF9B2HD,PUB-10760
L,Byrne,1959-12-09,422 Walton Knoll,South June,HD55WX,PUB-10672
Sarah,Wood,1962-08-14,78 Freeman Overpass,New Christian,N5T4ZX,PUB-10268
Richard,Hicks,1988-03-28,432 Donald Street,Lake Antonyborough,L240TJ,PUB-10868
Philip,Roberts,1974-07-24,"Studio 65h
Danny Villages",Port Jordan,G5B4FS,PUB-10333
Melissa A.,Matthews,1947-07-02,249 Kirsty Terrace,East Cheryl,TN04FQ,PUB-10656
Wendy,Leach,1956-03-29,55 Smith Parkway,Benjaminview,WV083FP,PUB-10284
Simon,Owen,1957-06-26,325 Sheila Crescent,Rahmanshire,DL3N4WS,PUB-10345
Christine,Barker,1983-06-02,885 Victoria Knoll,Taylorton,PH41YW,PUB-10066
Kate,Allen,1984-07-10,"Flat 19l
Jones Rue",Burnsberg,N16AR,PUB-10494
Bryan,Swift,1997-02-02,9 Mason Passage,Nicholasfurt,CB2E 5JA,PUB-10111
K,Williams,1959-01-28,91 Clive Parkways,East Rhysville,ST956HH,PUB-10701
Kieran,Fraser,1953-05-06,881 Joanna Keys,Mathewberg,TR4W2DN,PUB-10306
Maureen,Powell,1995-08-02,680 Iain Mill,Youngport,DA648FT,PUB-10290
Raymond,Cunningham,1956-04-11,2 Griffiths Forks,West Maria,NW8W 7GZ,PUB-10870
N,Ali,1946-06-17,144 Howell Grove,Lake Abdulborough,W00 8UJ,PUB-10786
Molly,Hill,1988-04-19,111 John Wall,West Georgemouth,DH24DQ,PUB-10752
Dorothy T.,Jones,1968-04-15,4 Ronald Springs,New Jayfort,B7W 7EB,PUB-10575
Dylan,Dawson,1993-03-26,"Studio 18p
McCarthy Lock",Joshland,M32 5SB,PUB-10384
Rhys,Pritchard,1968-01-06,73 Ward Spurs,Butchermouth,EX9M 2FW,PUB-10679
G,Singh,1986-05-13,1 Davis Corner,East Catherine,W2E7FJ,PUB-10524
Ruth,Buckley,1959-02-03,28 June Islands,Brownstad,EC09DD,PUB-10008
Gavin,Moore,1990-08-15,"Studio 65
Kelly Place",Janicestad,TD4W3JL,PUB-10105
Rita,Lee,2000-07-04,16 Lynn Neck,West Luke,B75SU,PUB-10599
Charlene,Fox,2005-06-26,"Studio 70y
Holly Trace",South Howardside,E3 7RP,PUB-10794
G,Banks,1961-10-01,"Flat 77
Patel Field",South Keith,NP4M9BG,PUB-10906
G,Stewart,1954-01-27,90 Deborah Ferry,Port Hazelmouth,HD660QS,PUB-10534
Hannah,Woods,1985-11-11,"Studio 68
Lloyd Glen",Cameronhaven,M4 1BD,PUB-10763
K,Rose,1989-10-02,87 Wright Garden,New Sam,IP159SS,PUB-10310
David G.,Glover,1998-03-18,"Studio 64
Thompson Landing",Lake Aaron,W287YH,PUB-10478
Julian A.,Walker,1973-04-18,"Studio 6
Saunders Loaf",New Thomasland,PA0Y5WE,PUB-10224
Geraldine,Nash,1950-12-18,121 Clarke Stream,West Brettmouth,L7G 1XY,PUB-10837
Georgina,Holden,1959-06-19,167 O'Brien Flat,South Edward,L4E 3LU,PUB-10471
J,Morris,1985-02-05,"Studio 64
Simpson Viaduct",West Sallyshire,M2 2PT,PUB-10358
Jemma,Hart,1988-06-09,"Studio 20z
Teresa Inlet",Beverleyland,G39SP,PUB-10386
Georgina,Connor,2006-07-30,53 Stanley Point,Vincentchester,W73GR,PUB-10935
G,Parry,1987-12-15,069 Conor Extension,West Marcview,W06LQ,PUB-10282
Jodie J.,North,1950-06-08,"Studio 9
Ross Rest",Port Damian,HX5 9ZR,PUB-10659
A,Carter,1951-09-06,9 Tony Common,Alisonberg,CT62JS,PUB-10817
Guy,Taylor,1987-01-15,591 Jayne Circles,Elliottborough,G201PD,PUB-10730
C,Tyler,2007-09-13,"Studio 5
Carole Branch",Bakerport,N80XQ,PUB-10313
Marcus,Hopkins,1954-11-13,"Studio 15Z
Ross Stream",West Charleshaven,FY75BS,PUB-10623
Marie,Anderson,1988-07-01,"Studio 84
Jones Forks",South Mohammadstad,EX240WF,PUB-10259
Jack,Baker,1988-07-16,969 Alan Plaza,Paigeside,SA253YN,PUB-10230
Danielle,Sharp,1997-04-25,7 Arthur Pines,Arnoldside,SM3Y6QT,PUB-10009
Maurice,Sinclair,1951-02-07,"Studio 8
Beverley Park",East Sandra,G1 4XU,PUB-10616
G,Jackson,1964-05-31,"Flat 40
Johnson Overpass",South Amandafurt,CM21QB,PUB-10809
B,Evans,2000-09-28,"Flat 74W
Sinclair Summit",East Kate,B567PR,PUB-10765
Annette P.,Thorpe,1966-12-09,54 Morgan Tunnel,West Nicola,TW6 1YH,PUB-10136
Abigail,Jones,1986-03-02,"Studio 31N
David Walk",New Adamtown,AB46YG,PUB-10783
Georgia K.,Price,1962-06-05,5 Joan Plaza,New Gerald,E0 1BP,PUB-10010
Stacey,Murphy,1990-11-02,592 Sean Ford,Jeremyville,B21PP,PUB-10699
Alex,Mason,1965-06-23,"Flat 69
Walker Heights",Frederickville,KT4X0ER,PUB-10856
Jay,Lynch,1960-12-05,"Studio 17k
Francis Cove",Susanland,N1F 0ZF,PUB-10526
Debra A.,Hardy,1960-01-11,"Studio 0
Yvonne Land",New Michelleville,N90WF,PUB-10420
Martyn,Knight,1948-09-01,"Flat 44
Jane Fords",Port Elizabethberg,FK71JJ,PUB-10668
Joan,Harper,2006-03-20,"Flat 7
Stevenson Coves",Samshire,L1F 2YE,PUB-10854
Kenneth,Smith,1958-11-21,6 Clare Views,Lake Declan,S0 7TY,PUB-10212
Jasmine,Long,1994-06-22,69 Amy Forks,East Lawrence,E5F2AJ,PUB-10948
Aaron,Hall,1980-04-16,58 Cheryl Garden,Port Katherine,W22 7QB,PUB-10231
A,Robinson,1981-09-27,"Studio 12a
Wells Station",Joehaven,W6A4BE,PUB-10663
Howard R.,Chamberlain,1957-11-24,781 Davies Glen,East Kimberleyfort,HU2 1NZ,PUB-10227
Gerald,Andrews,1980-12-25,268 Green Forges,Lake Mohamed,HX4 9WU,PUB-10220
Lynn J.,Edwards,1988-02-02,"Flat 6
Cameron Loop",Richardstown,G2B4BE,PUB-10879
Dean,Whitehouse,1976-02-25,"Flat 61I
Arnold Fords",Herbertview,E29BH,PUB-10167
Hannah,Martin,1966-12-14,21 Mills Rapid,South Danielletown,B92NW,PUB-10975
Karen,Wright,1952-10-10,"Flat 01
Holden Shoals",Priceview,B5A5YF,PUB-10396
Benjamin,Martin,1974-02-23,"Studio 09
Jones Knoll",Janetchester,L7D6UA,PUB-10029
Hazel,Brooks,1993-12-21,111 Thomson Corner,Woodhaven,G6J 0GP,PUB-10292
F,Pearson,1947-05-07,"Studio 95
Roberts Plaza",New Nicholas,M68SS,PUB-10093
Damien,Bartlett,1951-10-29,"Flat 1
Hall Mall",Macdonaldtown,LN72PX,PUB-10706
D,Wright,1958-01-27,0 Jones Groves,Joetown,IV243HU,PUB-10767
Ruth,Wilson,1949-12-27,97 Elizabeth Light,Timothychester,CB23 4BU,PUB-10958
Toby D.,Bray,1993-12-13,68 Sian Hills,Clivetown,WF781TE,PUB-10168
Gavin R.,Morgan,2001-08-17,"Flat 84
Young Crossing",Briggsberg,E18TE,PUB-10885
Hazel,Kirk,1956-09-02,56 Parker Highway,New Gordonburgh,G8 5NL,PUB-10359
Denis,Matthews,1983-06-04,"Studio 9
Lisa Hills",Hughesville,PR1 3BA,PUB-10565
Georgina N.,Khan,1975-05-12,553 Williams Centers,East Colin,B3G0JB,PUB-10601
B,Miller,1986-06-07,566 Mann Fork,Connorport,E1 9HE,PUB-10486
Connor P.,Herbert,1972-08-09,"Studio 4
Jemma Plains",Gallagherfurt,DE74TT,PUB-10182
Maureen,Brown,1967-10-17,"Studio 2
Callum Plain",Jonesland,ZE32 4SU,PUB-10457
Catherine L.,Todd,1983-06-08,09 Martyn Ridge,Philipmouth,M442JG,PUB-10609
Debra,Stone,1984-06-29,"Studio 49
Anthony Extension",Janetburgh,TS87YF,PUB-10501
Marie,Bates,1962-10-08,291 Wayne Station,East Frederickton,BS6E 4EY,PUB-10857
Terry,Ingram,2006-06-01,"Flat 37
Damian St",Port Arthur,L332EE,PUB-10248
Shane,Clarke,1991-02-11,374 Thompson Rest,Port Benport,B4 6HD,PUB-10032
M,Macdonald,1953-07-30,46 Charlene Circles,South Gemma,G58GS,PUB-10869
H,Wilkinson,1965-01-24,621 Judith Drive,East Jasmine,M5E 1QR,PUB-10127
Louis Z.,Brookes,1991-11-22,240 Cole Fall,Bradleyshire,KA34HG,PUB-10651
L,Barnett,1963-11-20,566 Vincent Port,North Ellieville,M82 5LL,PUB-10917
Lydia,Kent,1980-07-01,7 Moore Loaf,Jenkinsborough,B29 9AW,PUB-10518
Mandy,Whitehead,1990-08-25,1 Carly Station,Simmonsshire,L6 6LN,PUB-10476
Teresa,Campbell,2004-04-06,737 Cross Place,McDonaldton,L5H 3FN,PUB-10378
Graham,Clark,1949-04-08,240 Faulkner Creek,Barbarafort,N33XW,PUB-10281
Aimee,Hughes,1951-09-09,143 Scott Hill,Gillianton,G0 5PS,PUB-10204
Dawn C.,Baxter,1968-04-08,"Studio 83
Norton Courts",Lake Carolmouth,W2U 3LU,PUB-10722
Margaret B.,Butler,1967-10-22,99 Martin Shore,Jamesborough,SE7 8LX,PUB-10370
Victor,Coles,1965-07-09,"Flat 62p
Armstrong Turnpike",East Clive,S97YF,PUB-10052
Stephanie,Fox,1946-06-18,9 Dylan Freeway,Peacockland,G5 4HF,PUB-10468
Kenneth,Williams,1970-03-16,"Studio 26l
Richards Plain",Hallshire,HG34TJ,PUB-10034
Glenn S.,Wilson,1967-02-14,"Studio 49P
Dixon Mills",Katehaven,KA22 2JL,PUB-10256
Nigel,Robinson,1970-07-22,"Flat 6
Barrett Crossing",Greenborough,RH9A5JF,PUB-10060
Caroline,Dixon,1971-10-22,"Studio 2
Wayne Square",Port Samville,PE79 2ZR,PUB-10206
Patricia,Elliott,1994-12-20,320 Arthur Trace,Jenkinsmouth,W5S 5WQ,PUB-10938
Ashleigh,Hayes,1955-11-20,2 Joyce Squares,Craigberg,E9 1ER,PUB-10942
J,Holt,1991-10-10,"Studio 27i
Lisa Ramp",North Carlychester,W20 6PH,PUB-10030
Helen,Naylor,1966-01-16,"Flat 4
Kaur Lane",Greenhaven,SM587QS,PUB-10583
Gordon,McLean,1972-02-21,"Flat 15
Wheeler Parkway",New Kierantown,S7K 4GF,PUB-10537
Nicole,Smith,1950-02-07,618 Dale Flats,West Aaron,SN6A 0WA,PUB-10800
Nigel,Smith,1980-04-22,56 Clements Radial,West Peter,CF461FQ,PUB-10139
Roger,Williams,1972-04-26,290 Burton Springs,Terrystad,M86TH,PUB-10414
Caroline,Heath,1994-08-05,"Flat 34T
Fisher Extension",North Eleanor,M022LB,PUB-10519
S,Hamilton,1992-09-23,38 Lewis Tunnel,Wilkinsonville,L5T 7LY,PUB-10727
Jessica R.,Watkins,1964-08-28,"Studio 1
Tucker Inlet",Janetown,M5 1FW,PUB-10851
Rita,Carter,2008-04-07,"Flat 02j
Rees Streets",North Melanieborough,KT755NP,PUB-10068
Jordan,Watson,1950-04-01,"Flat 45f
Bailey Flats",Lynneport,PR3R9UH,PUB-10163
Sharon,Smith,1960-07-23,"Studio 53
Daniel Plaza",Geraldburgh,DL892DY,PUB-10811
Sean,Dickinson,1994-08-24,"Flat 1
Schofield Harbors",North Brandon,G65 7SU,PUB-10528
Chelsea,Mills,1987-01-27,174 Clark Cape,West Valerieville,L8 6TQ,PUB-10058
Elliott D.,Kaur,1977-11-14,25 Edwards View,Michaelton,SE0Y 4XR,PUB-10383
Annette,Page,1986-07-04,"Flat 36
Parry Plain",Kentbury,BT961JQ,PUB-10529
Elliot A.,Wilson,1949-05-27,3 Thomas Forges,East Ashley,N5G0WN,PUB-10778
Katy,Wilkinson,1955-01-28,"Studio 58w
Charlene Courts",East Alanborough,M32 9QL,PUB-10497
Wendy G.,White,1951-03-24,"Studio 15G
Daniel Valleys",Port Kenneth,E25 2YJ,PUB-10759
A,Peacock,1954-01-17,"Flat 90D
Robinson Valley",West Clifford,SG9 6WJ,PUB-10417
Denis,Lee,1956-08-25,910 Carly Ports,Port Kate,HS0B 3UL,PUB-10940
R,Jones,1980-08-28,"Studio 75Y
Terry Vista",South Amelia,DL77 5FY,PUB-10453
Eileen J.,Wright,1964-10-16,"Studio 17e
Scott Route",Martynview,SP4H8JB,PUB-10193
Kyle,Sutton,1975-11-06,551 Ball Vista,Lake Carolyn,RH2N1HF,PUB-10092
H,Hunt,1972-11-22,"Flat 4
Smith Rds",New Barbarahaven,TF78QE,PUB-10662
Rosemary T.,Buckley,1974-08-05,"Flat 65W
Gareth Canyon",South Maureen,OX9 1QN,PUB-10620
Garry,Patel,2001-11-19,3 Jodie Radial,South Natasha,S1E 5TX,PUB-10427
L,Cooper,1992-03-18,"Studio 3
Osborne Key",Jonesberg,NN534GR,PUB-10747
M,Green,1946-06-12,"Flat 41T
Geraldine Ville",West David,NP51 9YL,PUB-10995
William,Donnelly,1989-08-04,85 Kelly Trace,Eileenborough,B63 6EQ,PUB-10329
Anne A.,Bibi,2008-02-18,"Studio 99c
Stewart Parks",Brucetown,SN7 8ES,PUB-10793
Scott,Rogers,1995-10-07,55 Samantha Manors,Carterside,HG99BF,PUB-10454
Benjamin,Williams,1980-02-06,2 Marcus Divide,Lake Harry,TA1H5JG,PUB-10762
Amber C.,Evans,1968-03-04,817 Colin Via,Gibsonport,RM7R3FZ,PUB-10308
Lucy,Scott,1978-03-03,"Studio 86
Rebecca Squares",North Frederickstad,B966EA,PUB-10138
Thomas P.,Knight,1955-01-06,"Flat 31
Kelly Ferry",West Mandy,TW1X 6PE,PUB-10234
L,Cooper,1976-03-15,"Studio 91
Lewis Lock",Declanside,SY2 9WR,PUB-10101
George,Roberts,1970-01-17,"Flat 81D
Thomas Light",Matthewsville,HX4 6NJ,PUB-10702
Heather,Thomson,1987-08-17,289 Taylor Harbors,South Bryanfurt,S7H 2NA,PUB-10713
M,Naylor,1979-02-04,82 Stephenson Spur,South Stephenborough,AB6Y 3WZ,PUB-10504
Pauline T.,Ellis,1971-01-02,77 Ben Fields,North Michelle,M6 3HD,PUB-10288
Leslie,Allen,1990-03-21,"Studio 90s
Reeves Parkways",Port Rickyview,M441ZG,PUB-10319
Kirsty M.,Greenwood,1982-08-12,1 Clark Ranch,Roseville,DD46 9EZ,PUB-10311
T,Jackson,1986-05-15,"Studio 3
Oliver Vista",South Louisemouth,S96 8LH,PUB-10813
J,Cross,1959-10-31,"Studio 05k
Bates Circles",North Howardfurt,W76 7FP,PUB-10838
Martyn,Holloway,1970-12-05,"Studio 7
Pauline Station",Alisonstad,SM1H 1DR,PUB-10346
Pauline,Morton,2001-02-15,"Flat 43o
Katy Fields",Millsland,HS8 8PA,PUB-10021
Hugh G.,Lee,1995-09-23,"Studio 36n
Kenneth Extensions",West Chloe,EN908QE,PUB-10382
C,Lee,1973-01-25,5 Curtis Summit,Williamsland,BA06RS,PUB-10994
R,Bennett,1993-04-30,"Studio 66
Arthur Ridge",Paynemouth,M2B0FX,PUB-10966
Valerie,Ward,1995-06-07,617 Frances Corners,Joanstad,SL9X9LP,PUB-10764
Francesca,Francis,1967-12-01,"Flat 78c
Damian Rds",Julianland,CB17 4AB,PUB-10051
Denise,Lewis,1961-04-28,053 Charles Corners,Traceystad,IV6W8AD,PUB-10244
Eric,Smith,1995-03-28,"Flat 79H
Carter Curve",Marystad,CT9Y6BH,PUB-10708
Ryan M.,Marshall,1949-08-13,"Flat 17
Fletcher Trace",Geraldport,G9C 1SW,PUB-10340
Deborah C.,Bentley,1946-02-03,667 Sims Locks,Lewisfort,B80 9PX,PUB-10406
Leon L.,Cunningham,1962-06-12,699 Zoe Light,Walkerport,S4K9EH,PUB-10040
A,Little,1953-12-04,60 Elaine Junctions,Leanneburgh,M5 5JF,PUB-10412
Neil,Wilson,1976-09-07,8 Clarke Key,Alisonchester,E8C8HF,PUB-10711
E,Allen,1976-06-15,"Flat 6
Bailey Village",Brownbury,KW23YP,PUB-10698
Harriet D.,Collins,1951-04-11,"Flat 78G
Hunt Terrace",Lake Abbiemouth,N28RT,PUB-10914
C,Carter,1994-03-08,39 Patricia Trail,South Lauren,OL14 2DE,PUB-10634
Joan M.,Conway,2004-02-25,"Flat 92
Russell Valley",New Bruceside,PH85NN,PUB-10148
Melanie,Oliver,1961-01-31,66 Watson Path,Robertmouth,B81 5PR,PUB-10413
Malcolm,Norman,1948-02-17,"Flat 9
Cheryl Ville",Simpsonview,M2E 9WX,PUB-10913
Kirsty,Higgins,1986-07-20,"Studio 39
Jean Divide",Martinbury,HD2 5TA,PUB-10177
James,Allen,1977-07-01,"Studio 5
Lee Glen",Clarkland,LU192FY,PUB-10039
Katy N.,Harrison,1952-09-25,"Studio 02u
Miller Forges",Rosiefort,CM2V1PJ,PUB-10485
O,Begum,1999-08-08,"Flat 80
Duncan Dam",Carrbury,DH4R 7GU,PUB-10624
Rita,Ellis,1964-12-25,0 Andrew Ridges,Carolfort,W5G 9DQ,PUB-10949
S,Briggs,1974-04-11,446 Tracey Motorway,West Sianchester,CT8H4HQ,PUB-10498
Alison,Davies,1947-07-27,929 Armstrong Mall,Port Glenside,LU3P 6ZE,PUB-10671
Lawrence,Poole,1963-06-21,"Studio 56
Guy St",Millerberg,W0D0JG,PUB-10393
Alexandra,Graham,1972-01-01,"Studio 99
Parker Forges",North Gavinfort,W08SQ,PUB-10271
Terence,Hyde,1971-01-15,"Flat 70Y
Patrick Tunnel",Parkerport,DN2 0EX,PUB-10421
N,Davidson,1958-09-23,748 Richardson River,South Jenniferfurt,L422AH,PUB-10984
Denise,Green,1968-03-07,5 Banks Park,West Harry,E6F3NL,PUB-10970
Anna,Carr,2004-04-05,2 Lee Manor,Dylanmouth,RG2 2HA,PUB-10293
Leon,Lee,1986-09-30,"Flat 78F
Reed Villages",South Tom,W54LL,PUB-10805
Ronald,Barry,1994-08-20,"Flat 30
Karl Brook",Sinclairberg,SM36 0FW,PUB-10104
Rita,Oliver,1949-12-28,57 O'Sullivan Gardens,North Peter,E92 7XQ,PUB-10799
J,Mason,1966-01-18,"Studio 97
Mathew Spur",East Victoriabury,CT5R 3YS,PUB-10577
Leah,Howard,1997-11-13,938 Clive Mall,North Patricia,DE404YZ,PUB-10109
Natasha,Kent,1993-10-14,"Studio 0
Fry Creek",Jacksontown,W4S0YU,PUB-10103
Damian J.,Green,1970-01-28,"Flat 16v
Valerie Locks",New Helenfurt,CV8B 7GE,PUB-10777
Sheila,Butcher,1960-10-20,"Flat 65e
Gerard Club",Port Maureen,M6K8EY,PUB-10597
Olivia,Cole,2000-11-28,"Flat 74
Porter Highway",New Vincent,SN8 0QS,PUB-10603
Irene S.,Lee,1948-12-14,"Flat 54
Nicholas Station",Garethborough,PA14 0UQ,PUB-10581
Gavin,Bailey,1968-09-09,"Flat 8
Ashleigh Rds",Duffyburgh,CB4M8WZ,PUB-10928
Lesley,Bruce,1971-08-17,115 Wallace Dam,Griffinberg,SK2B 9GT,PUB-10154
J,Fox,1979-01-01,62 Jennings Pines,Margaretview,E14FG,PUB-10425
Rosemary D.,Ford,1974-05-23,"Studio 18d
Megan Bypass",Michelleburgh,S566RD,PUB-10116
Bruce,Gray,1960-01-14,"Flat 2
Clifford Corners",Harrisonberg,NW4P9WP,PUB-10430
N,Whittaker,1963-08-26,25 Catherine Unions,East Cheryl,LS73 2RX,PUB-10801
Joanne,Hall,1983-01-23,4 Angela Groves,Lewisville,N92 6LX,PUB-10972
Martin,George,1975-05-27,05 Foster Gardens,Callumfurt,SE11 4XH,PUB-10602
Lydia,Martin,1987-05-05,"Studio 94
Hall Isle",East Judith,WA7A 6GF,PUB-10639
Ruth R.,Buckley,1974-02-11,"Flat 10g
Smith Park",New Tracy,FK1Y8ZY,PUB-10718
Gerard,Wright,1961-01-23,"Flat 39m
Page Fields",Maureenchester,EX9 3ZF,PUB-10806
Adam,Riley,1982-05-06,3 Jane Oval,Dobsonfurt,G66LT,PUB-10013
Justin,Hudson,1994-03-10,"Flat 92z
Perkins Ports",Taylorport,W1J 2XQ,PUB-10895
Alexander A.,Walker,1990-10-23,396 Akhtar Roads,North Abigailland,B231GY,PUB-10470
Darren,Wallace,1947-09-29,206 Davies Wells,Naylorview,M3G 4DW,PUB-10533
R,Brown,2004-08-01,"Flat 68
Guy Oval",East Joehaven,NW008NP,PUB-10283
K,Gibbons,1983-11-14,6 Max Pass,West Lauren,BL5M 9RB,PUB-10878
Leslie,Booth,1983-03-21,39 Aaron Courts,Hobbstown,BT00 1YN,PUB-10334
Bradley,Webb,1967-07-12,"Flat 21
Laura Via",Lake Leeview,E01LP,PUB-10566
Philip,Phillips,1989-09-03,"Studio 1
Johnson Rue",Lucychester,G47QT,PUB-10407
Alison S.,Taylor,1980-07-01,31 Davison Spur,Melissaville,W11 0TG,PUB-10570
Eileen,Mitchell,1990-01-24,4 Roberts St,Lydiaberg,SG1 8HU,PUB-10398
Joshua,Clarke,1961-08-13,"Flat 69c
Josephine Mission",Christinemouth,G8 6PL,PUB-10090
Kirsty W.,Anderson,2005-09-01,2 Frances Common,Angelachester,PL763WE,PUB-10069
Katherine,Fowler,1998-08-03,6 Benson Mill,Garethberg,E966JB,PUB-10827
Sylvia,Atkinson,1947-04-13,"Flat 3
Randall Divide",Kevinville,BR6V9GP,PUB-10745
Paul,Lewis,1998-01-09,"Studio 6
Watts Tunnel",New Erictown,SM715NR,PUB-10328
Janet,Davies,1966-10-18,"Flat 08
Howard Orchard",Joestad,L1 6PA,PUB-10265
Sean,Carr,1990-03-13,1 Jeffrey Spur,Jacksonton,L0T 4AQ,PUB-10610
H,Cartwright,1977-07-24,228 Jane Ave,Melissaborough,NR303ZR,PUB-10855
H,Murray,1956-04-22,"Studio 0
Howell Spurs",Lake Josh,M15 1QG,PUB-10152
David,Turnbull,2006-07-12,8 Field Mountains,Joshhaven,L8 6RU,PUB-10643
R,Watson,1976-02-17,06 Keith Unions,Paulaside,BA847YH,PUB-10843
Sarah G.,Talbot,2004-04-03,71 Williams Circles,Abbiemouth,L56JU,PUB-10207
Stewart,Murphy,1970-09-17,"Studio 28Z
Shaw Circles",East Callumborough,S553BZ,PUB-10446
Bernard W.,Slater,1959-04-14,"Flat 64
Charlie Trail",Richardberg,CM60 3RB,PUB-10700
I,Davidson,1960-02-22,"Flat 8
Perry Plains",North Craig,BN20 1XD,PUB-10960
Valerie,Franklin,1993-08-31,3 Griffiths Harbors,Thompsonborough,ST9X 1YF,PUB-10434
T,Payne,1961-02-18,490 Pauline Path,Chadwickburgh,S7B 5SP,PUB-10044
Patricia T.,Murray,1965-12-03,396 Cooper Sts,Port Charlene,BT8Y0ES,PUB-10130
Leslie T.,Allen,1956-05-03,"Flat 2
Parkinson Lodge",Arnoldfurt,B85AP,PUB-10198
Vanessa,Bevan,1996-09-03,545 Parker Springs,Smithstad,SA72HD,PUB-10983
Amber,Taylor,1995-11-18,863 Marshall Causeway,Coopermouth,B0T3ZT,PUB-10217
Paige,Porter,1968-12-20,"Studio 4
Richard Island",North Leonard,W8 9JG,PUB-10172
Arthur B.,Kelly,1992-09-22,41 Anthony Lights,Hopeburgh,ME651UY,PUB-10178
Charles,Robertson,1988-04-19,"Studio 13F
Chambers Plaza",West Martinville,N6H 4HW,PUB-10460
Leah,Turnbull,1957-09-02,"Studio 04
Armstrong Port",New Williamberg,BR12 1WG,PUB-10776
Stanley,Austin,1970-10-13,"Studio 0
Jacob Brook",Andreashire,S4C 5JR,PUB-10124
Philip C.,Coles,1972-08-15,37 Stanley Haven,Lorraineshire,W501TA,PUB-10151
Alan,Storey,1984-01-10,"Flat 4
Chelsea Underpass",Kaurmouth,EC5R 8XD,PUB-10636
Victor,Stewart,1995-05-27,"Flat 29
Allen Points",South Duncanmouth,M8J 0FD,PUB-10694
Frances,Lewis,1994-05-06,382 Khan Spring,West Teresa,SR0 9HE,PUB-10586
Leanne,Bowen,1972-05-10,0 Bryan Curve,Port Tina,OX43TG,PUB-10820
P,Martin,2003-06-10,87 Jamie Circle,Rebeccaberg,LE2 3HJ,PUB-10530
Toby,Howell,1960-04-18,93 Jones Vista,East Rachelmouth,BH02EN,PUB-10923
Sophie C.,Davies,1977-01-19,"Flat 1
Mathew Village",West Marilynville,OL7 0EY,PUB-10585
Lewis C.,King,1992-01-13,55 Smith Harbor,New Jacqueline,E20YH,PUB-10515
Karl,Cunningham,1994-07-23,"Studio 8
Hollie Mountains",Parkintown,M3 3NY,PUB-10036
Elliot,Alexander,1960-12-24,"Studio 15C
Judith Glens",New Benjaminside,N10WA,PUB-10732
Roger B.,Reed,2000-07-16,3 Watson Courts,Leonardside,IG0X2QP,PUB-10875
Nicole D.,Baxter,1969-04-05,"Flat 25
Sanderson Islands",Jamesmouth,W4E 2UP,PUB-10925
Josh,Moran,1955-08-22,"Studio 0
Mohammed Drives",Robsonfort,W9 3NY,PUB-10405
T,Barnett,1978-04-06,"Studio 18
Glen Corner",West Barbara,G6B7QA,PUB-10081
Molly K.,Norman,1982-05-06,"Flat 2
Megan Spring",North Jacquelineton,S6 9YT,PUB-10307
Shannon,Davis,1967-01-21,37 Kennedy Haven,Lake Rosie,BD9N8EL,PUB-10488
Beth,Wells,1952-05-19,658 Shaun Loaf,Port Georgeberg,PH61 4JQ,PUB-10242
L,Quinn,1964-08-06,"Flat 7
Williams Haven",Marsdenmouth,S62 5AX,PUB-10903
Joseph,Savage,1986-08-24,133 Elaine Burg,Dickinsonville,JE73XL,PUB-10587
Marion,Owen,2003-08-17,"Studio 9
Graeme Circle",Port Charlotte,HD52 1RA,PUB-10487
Catherine L.,Bradshaw,1962-06-14,5 Akhtar St,Caroleshire,W0 4GS,PUB-10959
Jodie,Barry,1946-06-14,657 Smith Haven,Lake Elizabethtown,L6F2BD,PUB-10888
B,Anderson,1959-11-02,"Flat 96k
Thompson Path",Lake Aimee,N12 7HN,PUB-10704
E,Hale,1970-12-12,928 Palmer Vista,Thomsonville,E19SE,PUB-10549
Leslie,Gill,1982-02-19,"Studio 70
Gillian Village",Hilaryburgh,B79LR,PUB-10429
Reece,Dawson,1947-10-05,19 Lynne Turnpike,Thomasmouth,M0 4RW,PUB-10536
Lindsey,Oliver,1966-12-24,2 Sanderson Oval,Seanton,L89 4HG,PUB-10839
Phillip,Taylor,2000-02-07,"Flat 01J
Green Glens",East Tracey,B3 6RN,PUB-10397
Kate,Price,1966-03-10,34 Robson Groves,South Gerald,ZE207RJ,PUB-10861
Josh,Murphy,1947-09-05,66 Abigail Station,Fordland,PL22LZ,PUB-10063
C,Osborne,2000-11-05,"Flat 22L
Baldwin Island",Port Fiona,RH71 9UU,PUB-10567
M,Whitehead,1984-05-10,65 Georgia Glen,Pagebury,S5W 7UZ,PUB-10233
D,Watson,1978-08-23,"Flat 3
Maria Fort",Andreaborough,N23TT,PUB-10604
D,Jenkins,1964-12-07,250 Lee Ways,Lynnfort,CT58AS,PUB-10775
Marian,Freeman,1997-02-10,837 Trevor Shoals,North Henry,L978ZP,PUB-10424
Paula,Gray,1994-12-25,"Flat 04f
Teresa Brooks",North Kellyville,G4 2DD,PUB-10555
Samuel,Stokes,1954-08-09,93 Roberts Drive,Kaurview,B12 4UD,PUB-10828
Jemma,Chapman,1981-05-19,30 Shannon Vista,Daviesland,S3H 9ZW,PUB-10353
Ricky,Green,1958-06-27,8 Long Forks,New Kimberley,LL185DH,PUB-10685
M,Phillips,1951-03-07,"Flat 6
Janice Hill",Timothyland,SE4 7ZS,PUB-10088
Olivia C.,Anderson,2002-11-30,"Flat 80g
Macdonald Greens",Sophiestad,S05XN,PUB-10100
K,Rice,1983-03-17,7 Duncan Glens,Lake Naomi,L72 9LX,PUB-10684
Keith D.,Smith,1983-05-18,"Flat 99
Darren Throughway",Davidsonfort,L62 6YH,PUB-10714
Bernard,Walters,1987-01-10,7 Ball Island,South Seanmouth,W71TR,PUB-10771
B,Wood,1988-04-19,97 Nicholas Courts,Port Harry,S5G2JL,PUB-10155
Ashleigh V.,Grant,1994-01-07,"Studio 9
Price Rapids",Gibsonville,SA8Y6TJ,PUB-10064
Rebecca,Martin,1951-08-19,14 Scott Wells,West Josephine,WV5 9SL,PUB-10578
Colin,Tyler,1984-04-13,157 Holly Views,New Jemmaport,S15QS,PUB-10276
P,Riley,1994-05-14,061 Martin Divide,Lake Eileen,N5 6WL,PUB-10858
Gerald,Carter,1961-04-30,53 Aimee Ford,Charlottefort,WS001WL,PUB-10232
Mandy S.,Gallagher,1950-08-20,824 Tina Station,Singhchester,DD29UP,PUB-11000
D,Morgan,1990-05-14,"Studio 46
Raymond Rds",Garethview,DL6Y0GU,PUB-10477
Arthur,Berry,1969-12-29,88 Martyn Forks,North Stevenstad,L5 5LN,PUB-10451
Karl,Barry,1979-06-01,456 Griffiths Pike,North Callumburgh,L1 3EB,PUB-10270
